frame,time_sec,head_pitch_deg,abdomen_y_deg,abdomen_x_deg,hip_y_left_deg,hip_y_right_deg,knee_left_deg,knee_right_deg,ankle_y_left_deg,ankle_y_right_deg,shoulder1_left_deg,shoulder1_right_deg,shoulder2_left_deg,shoulder2_right_deg,elbow_left_deg,elbow_right_deg,wrist_left_deg,wrist_right_deg,gripper_left_dist,gripper_right_dist
0,0.0000,153.422,0.744,10.954,165.761,163.146,160.000,160.000,69.164,77.149,44.568,2.531,95.163,105.558,150.000,136.155,117.281,154.461,0.030,0.017
1,0.0167,153.397,0.741,4.591,169.248,162.826,160.000,160.000,66.129,78.132,43.775,2.730,94.690,105.088,150.000,137.644,118.266,157.296,0.030,0.017
2,0.0334,153.566,0.629,0.775,171.452,159.069,160.000,160.000,65.561,82.737,41.436,2.952,92.805,105.211,150.000,136.345,115.094,160.980,0.031,0.019
3,0.0500,153.753,0.538,1.114,171.770,157.978,160.000,160.000,66.384,83.193,41.358,3.062,92.620,105.206,150.000,135.854,114.356,164.506,0.031,0.019
4,0.0667,153.702,0.333,1.288,171.596,158.250,160.000,160.000,68.354,83.612,41.889,3.326,93.021,105.392,149.949,135.430,115.130,163.429,0.031,0.017
5,0.0834,153.759,0.315,0.579,171.331,158.132,160.000,160.000,68.173,83.879,42.468,4.723,93.664,105.683,149.849,136.248,113.155,162.473,0.032,0.017
6,0.1001,154.201,0.033,1.529,170.802,159.777,160.000,160.000,68.568,83.691,42.567,5.053,93.688,105.407,150.000,135.878,114.913,164.288,0.032,0.018
7,0.1168,154.560,0.287,2.992,170.880,159.414,160.000,160.000,67.763,84.245,42.935,4.816,94.402,104.385,150.000,135.956,114.580,164.719,0.032,0.018
8,0.1334,152.942,0.235,2.876,171.299,155.403,160.000,160.000,69.216,93.151,42.208,3.931,93.390,104.986,149.804,136.863,112.232,162.886,0.031,0.018
9,0.1501,151.837,0.496,4.896,171.318,151.648,160.000,160.000,69.773,101.810,39.880,3.215,91.139,105.272,148.306,138.192,111.616,158.331,0.029,0.017
10,0.1668,150.971,0.452,4.676,171.141,149.277,160.000,160.000,72.508,103.463,38.754,1.309,90.177,104.983,147.569,139.292,110.956,155.929,0.029,0.018
11,0.1835,150.132,0.509,3.958,165.720,151.591,160.000,160.000,78.231,102.379,38.864,0.919,92.923,102.450,147.456,141.367,114.975,157.513,0.028,0.017
12,0.2001,148.484,0.390,6.406,161.923,150.587,160.000,160.000,76.231,104.603,39.124,1.071,91.710,102.532,147.732,142.445,113.060,160.702,0.028,0.014
13,0.2168,148.059,0.464,7.232,163.701,150.117,160.000,160.000,75.941,112.571,38.134,2.815,91.640,101.297,143.407,142.666,110.516,160.250,0.027,0.015
14,0.2335,148.180,0.762,7.993,160.355,151.711,160.000,159.914,77.673,106.672,37.449,3.988,91.154,100.472,141.476,141.487,107.429,160.665,0.027,0.015
15,0.2502,149.595,0.756,9.965,160.400,151.374,160.000,160.000,76.791,102.332,38.859,4.805,92.213,101.152,141.133,140.476,106.339,159.634,0.028,0.016
16,0.2669,148.687,0.667,11.189,161.784,150.270,160.000,160.000,78.639,99.532,36.938,5.204,91.039,100.483,139.966,140.819,104.271,160.092,0.027,0.016
17,0.2835,149.250,0.667,11.259,162.338,149.762,160.000,160.000,79.041,93.828,36.183,3.440,90.012,100.802,140.046,140.796,101.171,157.828,0.027,0.016
18,0.3002,149.035,0.694,12.051,160.993,148.052,160.000,160.000,79.162,92.804,36.208,3.714,88.950,100.701,142.384,139.816,102.126,158.982,0.027,0.016
19,0.3169,148.511,0.500,13.338,158.278,145.293,160.000,160.000,81.699,92.892,35.995,0.794,88.430,100.050,142.718,140.489,101.502,159.859,0.027,0.015
20,0.3336,146.542,0.271,12.472,160.662,143.184,160.000,160.000,81.849,92.028,36.665,1.785,91.122,99.324,137.294,140.927,102.099,161.255,0.025,0.014
21,0.3503,145.076,0.083,12.158,163.383,143.702,160.000,160.000,82.576,89.640,36.147,2.114,91.035,99.698,136.237,141.513,101.598,160.858,0.024,0.014
22,0.3669,140.073,0.080,11.541,166.154,142.334,160.000,160.000,81.040,90.991,30.776,3.901,88.634,98.342,134.037,146.797,102.691,158.959,0.020,0.012
23,0.3836,138.730,0.097,11.262,167.895,138.641,160.000,160.000,79.374,87.163,32.865,5.815,90.491,100.440,133.771,146.894,104.827,156.974,0.020,0.010
24,0.4003,141.158,0.280,11.411,165.973,136.325,160.000,160.000,78.888,79.786,33.812,4.761,90.495,100.268,132.729,144.844,100.614,156.663,0.021,0.012
25,0.4170,144.654,0.520,11.348,165.238,136.562,160.000,160.000,78.598,74.626,31.974,6.017,88.627,100.521,132.616,144.174,101.623,157.828,0.020,0.012
26,0.4337,145.480,0.387,10.679,164.197,135.407,160.000,160.000,78.110,74.194,31.366,8.756,88.238,102.016,131.219,143.741,102.033,157.455,0.020,0.010
27,0.4503,142.853,0.371,7.567,166.259,133.653,160.000,160.000,79.030,72.095,28.776,14.134,87.580,104.658,130.577,142.128,106.193,155.682,0.018,0.008
28,0.4670,142.965,0.351,3.420,169.522,133.915,160.000,160.000,78.514,71.763,31.143,14.725,91.261,104.024,129.569,139.256,103.796,159.334,0.020,0.009
29,0.4837,145.753,0.427,1.736,168.976,133.539,160.000,160.000,81.398,70.439,30.242,15.843,91.721,103.532,130.150,139.320,109.636,162.376,0.018,0.009
30,0.5004,147.318,0.431,0.220,167.589,132.254,160.000,160.000,84.219,64.654,29.949,18.838,93.716,104.457,129.935,139.330,113.978,164.110,0.018,0.009
31,0.5170,146.556,0.513,2.546,168.425,132.904,160.000,160.000,85.200,64.961,29.855,20.441,94.490,106.062,130.490,140.813,111.895,165.034,0.019,0.008
32,0.5337,145.609,0.756,4.738,168.720,136.180,160.000,160.000,85.080,63.079,28.498,19.725,92.894,105.920,133.617,141.025,116.801,165.564,0.017,0.009
33,0.5504,143.567,0.554,5.671,167.691,135.510,160.000,160.000,88.238,62.856,27.158,22.024,93.483,106.449,133.029,145.194,122.895,167.810,0.015,0.008
34,0.5671,145.126,0.626,8.332,170.227,139.697,160.000,160.000,88.053,60.483,26.048,21.214,92.600,105.558,134.710,146.514,124.563,169.907,0.015,0.009
35,0.5838,144.925,0.406,9.645,169.816,140.734,160.000,160.000,88.120,59.889,26.185,22.097,91.954,105.984,134.492,147.129,123.772,170.363,0.015,0.010
36,0.6004,145.752,0.231,10.130,168.374,140.380,160.000,160.000,88.346,65.240,27.400,22.782,92.501,107.212,132.631,146.733,115.569,169.046,0.017,0.010
37,0.6171,147.963,0.107,11.598,168.158,140.201,160.000,160.000,88.407,63.133,27.919,23.532,92.583,107.415,132.286,145.221,113.300,168.889,0.018,0.010
38,0.6338,150.038,0.139,11.650,165.461,139.585,160.000,160.000,90.338,64.255,28.848,22.096,93.265,107.576,133.950,144.729,117.742,169.470,0.017,0.010
39,0.6505,150.209,0.418,11.925,163.208,138.323,160.000,160.000,93.729,63.853,28.992,22.584,94.600,107.435,134.106,145.364,121.998,170.838,0.017,0.010
40,0.6672,149.899,0.670,12.302,163.658,137.642,160.000,160.000,95.627,66.834,28.466,21.871,93.836,106.717,134.921,145.567,121.657,170.757,0.017,0.010
41,0.6838,148.349,0.604,12.850,164.840,139.347,160.000,160.000,98.397,66.255,28.765,23.148,95.422,108.487,134.051,145.774,123.096,169.100,0.017,0.010
42,0.7005,146.735,0.534,12.419,165.555,140.382,160.000,160.000,102.775,67.823,29.017,25.979,97.451,109.453,132.934,145.638,124.569,169.413,0.017,0.010
43,0.7172,146.235,0.656,10.717,165.499,140.487,160.000,160.000,104.350,69.078,28.174,27.485,96.250,110.868,135.588,145.107,128.925,168.404,0.016,0.010
44,0.7339,147.138,0.893,11.138,166.638,144.329,160.000,160.000,105.432,72.105,29.979,26.391,97.763,110.475,137.351,144.042,131.629,167.018,0.016,0.009
45,0.7505,151.518,0.757,11.528,167.858,141.846,157.516,160.000,104.866,76.522,29.004,25.816,93.897,111.811,130.375,139.584,122.091,141.828,0.015,0.006
46,0.7672,153.701,0.558,10.249,167.954,143.919,153.048,160.000,107.784,81.098,31.243,23.916,93.808,112.652,129.882,133.653,115.862,132.542,0.018,0.007
47,0.7839,153.716,0.421,6.276,167.262,145.435,150.826,160.000,108.992,81.535,31.589,20.310,93.317,109.554,128.910,128.667,112.770,147.294,0.018,0.010
48,0.8006,154.836,0.399,1.258,165.297,151.237,148.481,160.000,110.455,79.571,31.685,11.545,93.519,103.082,128.879,135.511,111.894,151.004,0.018,0.012
49,0.8173,155.587,0.011,2.457,161.668,154.501,147.182,160.000,112.449,80.399,30.938,7.004,89.827,101.850,131.423,138.190,107.388,148.605,0.019,0.012
50,0.8339,155.536,0.069,8.494,160.712,158.710,145.888,160.000,114.425,82.339,32.286,7.147,91.463,101.169,132.650,139.704,108.240,152.486,0.019,0.011
51,0.8506,156.661,0.421,14.526,159.047,163.100,143.881,160.000,113.250,77.198,34.277,7.594,93.458,100.908,132.300,140.406,110.077,157.733,0.019,0.012
52,0.8673,156.530,0.506,17.822,157.171,159.811,143.546,160.000,113.078,82.758,37.165,6.911,95.631,101.390,135.598,140.368,112.477,159.156,0.020,0.013
53,0.8840,154.512,0.619,19.093,155.580,162.716,141.817,160.000,116.886,86.051,36.352,6.855,94.335,99.690,136.037,142.251,113.000,160.552,0.020,0.013
54,0.9007,158.147,0.454,15.520,152.294,166.077,138.108,160.000,120.094,90.847,34.944,7.482,95.620,99.839,139.347,145.746,120.437,160.077,0.019,0.012
55,0.9173,157.799,0.455,11.273,148.144,162.807,134.493,160.000,118.711,90.266,38.286,8.359,98.546,99.641,137.763,143.983,117.258,157.391,0.021,0.013
56,0.9340,156.340,0.518,8.012,149.931,163.056,134.545,160.000,124.308,93.444,37.997,9.671,99.516,99.088,137.293,142.832,120.404,159.011,0.020,0.013
57,0.9507,156.554,0.610,7.998,155.225,161.149,136.800,160.000,134.133,100.745,37.014,11.935,101.380,99.951,139.647,144.693,126.566,153.238,0.020,0.011
58,0.9674,157.400,0.645,9.556,155.697,159.719,135.354,160.000,121.879,103.323,34.704,12.580,99.809,99.900,146.159,146.666,131.767,155.292,0.020,0.010
59,0.9841,157.063,0.685,11.905,153.432,159.904,132.971,160.000,119.578,103.477,32.875,12.770,96.616,101.528,150.000,145.063,127.384,152.458,0.023,0.010
60,1.0007,155.928,0.627,12.010,150.742,159.377,132.019,160.000,128.004,113.683,34.905,12.722,98.390,102.324,150.000,145.731,125.247,151.819,0.023,0.011
61,1.0174,153.834,0.442,12.685,152.822,155.532,133.732,160.000,134.512,118.661,36.849,11.957,101.512,101.267,149.016,147.837,126.675,157.133,0.022,0.011
62,1.0341,155.738,0.352,10.470,152.553,155.125,133.939,160.000,135.578,121.889,36.818,11.506,101.861,100.308,147.652,148.767,125.364,155.571,0.022,0.012
63,1.0508,156.947,0.587,11.719,153.242,154.387,136.474,160.000,133.765,119.803,36.165,10.882,101.679,98.574,148.616,148.625,130.299,158.369,0.021,0.012
64,1.0674,157.653,0.628,9.833,157.994,154.917,143.855,160.000,133.677,114.471,36.482,9.960,102.558,95.640,146.967,150.000,128.104,158.790,0.023,0.012
65,1.0841,158.185,0.736,10.436,158.573,155.376,146.792,160.000,125.157,111.053,39.223,10.059,105.256,96.224,143.865,147.717,125.059,159.568,0.026,0.013
66,1.1008,158.442,0.844,12.580,158.344,155.078,149.105,160.000,115.092,102.386,40.914,11.539,105.969,97.527,143.853,145.119,125.186,157.719,0.027,0.014
67,1.1175,158.816,1.149,10.900,157.598,154.755,151.126,160.000,106.307,92.844,41.960,12.432,104.855,98.598,144.172,143.233,124.819,159.206,0.028,0.015
68,1.1342,158.960,1.309,11.401,156.975,155.001,153.389,160.000,87.400,87.462,42.088,12.827,104.771,99.113,145.378,141.740,126.680,159.622,0.028,0.015
69,1.1508,158.789,1.399,14.352,156.840,154.845,155.808,160.000,84.642,87.425,42.404,12.920,103.903,99.947,146.395,138.551,126.749,161.055,0.029,0.015
70,1.1675,158.614,1.333,14.266,157.312,154.963,157.841,160.000,77.458,86.823,42.651,12.939,103.369,100.508,146.608,137.688,126.390,164.251,0.030,0.014
71,1.1842,158.859,1.345,11.998,157.956,154.841,160.000,160.000,73.237,87.312,43.008,13.655,103.385,100.548,146.892,137.287,127.210,167.361,0.029,0.014
72,1.2009,158.567,1.349,8.398,158.647,156.040,160.000,160.000,65.333,87.478,42.028,16.774,103.658,102.665,149.058,131.935,129.330,164.236,0.030,0.015
73,1.2176,158.625,1.547,2.134,159.767,155.717,160.000,160.000,63.445,88.210,41.174,19.861,103.042,104.766,150.000,128.673,131.840,153.560,0.029,0.014
74,1.2342,159.293,1.863,20.616,161.155,155.005,160.000,160.000,59.757,85.873,39.402,20.825,101.457,105.440,150.000,128.782,131.115,144.003,0.030,0.013
75,1.2509,159.030,1.681,16.821,162.506,154.191,160.000,160.000,55.870,85.406,38.321,20.788,100.274,104.755,150.000,128.915,129.914,146.093,0.030,0.013
76,1.2676,159.461,1.804,17.165,162.990,154.403,160.000,160.000,55.807,84.400,39.019,21.454,100.453,106.127,150.000,127.578,130.709,143.885,0.029,0.013
77,1.2843,159.454,1.948,23.970,162.813,155.945,160.000,160.000,54.281,83.857,39.375,22.455,100.735,107.392,150.000,125.511,129.419,143.980,0.030,0.014
78,1.3010,159.321,1.981,23.079,163.780,156.124,160.000,160.000,55.413,84.872,38.997,23.342,100.584,108.005,150.000,125.370,130.330,143.920,0.030,0.014
79,1.3176,159.958,2.167,24.198,161.417,158.855,160.000,160.000,59.603,87.835,39.239,24.141,100.679,108.489,150.000,124.983,132.808,145.247,0.030,0.014
80,1.3343,159.930,2.100,19.020,162.220,159.452,160.000,160.000,58.278,90.369,39.194,24.265,101.460,108.084,150.000,124.704,133.348,146.661,0.030,0.014
81,1.3510,160.269,2.075,14.600,161.839,158.894,160.000,160.000,58.495,91.698,39.515,24.836,101.880,108.165,150.000,123.877,133.349,148.027,0.030,0.014
82,1.3677,160.158,1.849,10.727,162.790,159.198,160.000,160.000,59.642,94.007,39.474,25.324,102.001,108.919,150.000,122.352,133.463,148.709,0.030,0.014
83,1.3843,160.409,1.544,3.712,163.603,160.295,160.000,160.000,61.740,96.595,39.690,24.908,102.222,108.899,150.000,123.502,133.228,145.500,0.030,0.014
84,1.4010,160.281,1.140,2.267,170.333,166.978,160.000,160.000,75.657,102.310,43.326,21.028,102.345,110.812,150.000,126.871,131.489,140.117,0.030,0.014
85,1.4177,159.892,0.992,2.764,166.653,163.938,160.000,160.000,75.498,107.494,42.259,19.190,102.383,108.050,150.000,128.055,131.352,138.105,0.030,0.014
86,1.4344,158.910,0.722,5.762,165.687,163.010,160.000,160.000,75.771,112.777,41.944,13.380,102.212,102.203,150.000,134.553,128.373,152.945,0.028,0.012
87,1.4511,158.852,0.613,7.320,165.289,162.821,160.000,160.000,73.623,114.483,42.223,10.244,102.262,100.054,147.931,138.108,125.614,155.131,0.028,0.014
88,1.4677,158.558,0.140,8.446,164.802,159.130,160.000,160.000,75.957,117.037,42.702,11.438,102.535,101.347,146.830,137.708,125.523,162.968,0.027,0.016
89,1.4844,159.035,0.145,9.327,168.009,158.441,160.000,160.000,73.310,124.953,42.167,11.254,102.256,100.491,146.142,139.485,125.048,158.954,0.027,0.015
90,1.5011,159.492,0.293,11.989,168.933,158.769,160.000,160.000,74.161,124.004,41.746,12.067,102.086,100.933,146.019,139.047,124.664,159.010,0.027,0.015
91,1.5178,159.621,0.417,11.115,170.415,159.970,160.000,160.000,74.376,124.030,41.539,12.082,101.489,101.151,144.876,139.181,122.971,159.763,0.026,0.015
92,1.5345,158.700,0.131,12.532,171.157,160.276,160.000,160.000,75.952,125.166,42.646,11.674,102.212,101.112,143.262,139.248,118.888,161.179,0.027,0.014
93,1.5511,158.221,0.185,10.633,172.204,159.339,160.000,158.713,77.154,125.829,42.150,10.408,101.766,100.479,143.788,140.703,119.318,162.141,0.026,0.014
94,1.5678,157.569,0.157,10.153,174.055,151.932,160.000,158.042,74.980,121.428,41.332,8.419,100.883,99.736,142.815,142.190,117.168,161.237,0.025,0.013
95,1.5845,156.800,0.100,9.375,174.231,153.262,160.000,155.365,78.698,120.016,40.513,6.158,99.913,98.892,143.419,143.492,117.795,162.683,0.023,0.012
96,1.6012,153.404,0.130,8.157,174.522,154.062,160.000,153.445,79.244,123.499,38.055,6.692,98.507,99.041,141.399,143.223,116.106,161.498,0.021,0.012
97,1.6179,151.070,0.072,8.068,173.833,155.323,160.000,151.615,82.378,124.565,38.211,6.516,100.191,97.518,139.124,144.788,118.693,161.546,0.019,0.011
98,1.6345,145.426,0.191,7.923,175.621,156.490,160.000,151.909,83.517,125.848,37.215,3.428,100.831,94.684,138.003,150.000,121.768,160.858,0.017,0.010
99,1.6512,133.269,0.431,7.782,175.537,165.134,160.000,148.316,87.906,132.298,36.937,5.815,104.255,95.034,135.894,150.000,129.362,162.023,0.015,0.007
100,1.6679,131.110,0.569,7.222,173.669,159.102,160.000,147.842,92.923,130.266,34.195,12.907,103.161,100.310,134.406,150.000,128.205,158.103,0.014,0.006
101,1.6846,128.312,0.549,6.563,171.853,157.257,160.000,149.052,94.354,124.174,32.761,18.266,102.185,104.990,134.492,150.000,128.366,153.596,0.013,0.002
102,1.7012,124.539,0.651,6.034,174.323,146.265,160.000,155.353,94.013,122.764,30.477,18.195,98.792,106.097,134.786,150.000,125.232,153.013,0.013,0.006
103,1.7179,122.201,0.614,4.014,174.624,140.532,160.000,157.720,93.499,125.792,26.558,25.028,96.170,113.565,135.136,150.000,129.407,137.068,0.011,0.006
104,1.7346,123.686,0.617,1.855,174.912,135.095,160.000,160.000,93.383,118.698,27.296,24.666,95.491,114.960,137.900,150.000,127.071,144.319,0.012,0.009
105,1.7513,121.551,0.883,0.393,170.742,136.118,160.000,160.000,87.195,115.483,27.650,25.226,94.636,116.538,138.726,150.000,124.913,146.280,0.012,0.009
106,1.7680,121.413,1.097,0.418,172.928,139.306,160.000,160.000,86.899,115.851,28.108,25.325,94.515,117.311,140.404,150.000,128.421,155.509,0.011,0.013
107,1.7846,119.940,1.021,0.799,175.399,142.435,160.000,160.000,86.994,110.718,28.895,25.141,94.805,118.395,139.299,150.000,129.399,155.143,0.010,0.010
108,1.8013,117.407,0.956,0.856,174.173,143.751,160.000,160.000,82.527,107.781,28.620,19.694,94.117,116.635,139.632,150.000,124.953,138.137,0.011,0.009
109,1.8180,118.470,0.849,0.805,178.380,140.133,160.000,160.000,85.378,110.458,28.660,19.010,93.684,114.650,139.792,150.000,122.391,147.344,0.012,0.008
110,1.8347,120.650,0.924,0.526,168.047,131.773,160.000,159.766,89.607,119.743,28.206,18.222,94.480,112.731,140.142,150.000,124.705,150.416,0.012,0.008
111,1.8514,119.701,1.205,0.044,170.797,132.465,160.000,158.790,86.145,116.647,30.866,16.313,95.745,112.095,141.856,150.000,122.206,156.164,0.014,0.009
112,1.8680,119.389,1.320,0.802,170.553,131.415,160.000,160.000,88.439,115.474,28.814,17.968,93.680,113.570,141.175,150.000,122.544,155.614,0.012,0.008
113,1.8847,118.711,1.092,0.978,167.669,130.648,160.000,160.000,90.172,110.323,27.560,18.778,92.348,114.180,137.575,150.000,120.730,154.800,0.011,0.008
114,1.9014,115.133,0.935,1.118,171.716,128.909,160.000,160.000,87.623,107.382,24.704,20.144,89.771,116.640,138.605,150.000,122.267,155.777,0.010,0.008
115,1.9181,114.864,0.960,1.038,169.990,130.153,160.000,160.000,88.928,100.073,25.365,20.447,89.995,116.489,136.569,150.000,122.765,154.857,0.010,0.008
116,1.9347,112.683,1.224,1.040,170.610,129.259,160.000,160.000,89.025,95.312,25.048,21.018,89.872,117.516,136.123,150.000,124.427,150.629,0.009,0.009
117,1.9514,113.231,0.953,0.841,168.484,129.824,160.000,160.000,89.405,91.913,25.543,21.479,90.418,117.382,135.484,150.000,126.203,151.687,0.009,0.009
118,1.9681,112.663,1.101,0.977,168.992,132.567,160.000,160.000,87.405,86.757,25.921,21.583,90.275,117.736,135.685,150.000,119.976,150.569,0.010,0.008
119,1.9848,112.564,1.171,0.881,167.754,133.658,160.000,160.000,85.243,81.093,26.538,21.549,90.879,117.929,134.690,150.000,114.378,153.795,0.011,0.009
120,2.0015,112.066,1.339,0.824,167.466,136.637,160.000,160.000,85.677,65.339,24.975,21.116,89.071,117.640,133.291,150.000,124.932,156.176,0.008,0.008
121,2.0181,111.745,1.198,1.133,167.761,138.518,160.000,160.000,84.978,65.734,24.464,21.373,88.326,117.644,134.626,150.000,127.393,156.774,0.008,0.008
122,2.0348,110.892,0.972,1.278,166.251,138.492,160.000,160.000,85.720,63.461,24.390,20.479,88.971,115.376,132.732,150.000,127.866,159.143,0.008,0.008
123,2.0515,113.198,0.895,1.071,164.749,137.011,160.000,160.000,88.806,61.758,24.226,19.123,90.424,111.826,131.664,150.000,126.808,159.218,0.008,0.008
124,2.0682,113.788,0.680,0.192,166.131,138.444,160.000,160.000,90.124,55.190,23.336,20.386,90.138,114.251,132.761,150.000,127.693,156.534,0.008,0.008
125,2.0849,114.981,0.567,0.304,166.259,136.555,160.000,160.000,90.952,52.253,21.288,20.249,90.306,112.075,132.278,150.000,126.882,155.890,0.008,0.007
126,2.1015,118.976,0.527,0.124,165.640,133.736,160.000,160.000,92.926,55.604,20.719,22.015,90.724,111.164,131.870,150.000,124.189,159.808,0.009,0.007
127,2.1182,120.154,0.547,0.225,164.116,133.711,160.000,160.000,96.568,62.810,20.971,21.536,91.385,110.409,131.660,150.000,124.708,158.811,0.009,0.007
128,2.1349,122.724,0.507,0.237,165.222,133.977,160.000,160.000,102.285,62.599,17.685,25.159,90.982,112.468,132.002,150.000,126.637,159.032,0.008,0.007
129,2.1516,121.844,0.411,0.197,166.371,136.743,160.000,160.000,103.522,65.919,18.966,24.048,91.882,111.827,131.293,150.000,127.263,152.029,0.008,0.007
130,2.1683,122.575,0.288,0.445,166.496,139.173,160.000,160.000,106.165,66.014,18.903,23.788,92.000,111.906,132.006,150.000,127.242,150.702,0.009,0.008
131,2.1849,123.224,0.084,1.207,166.943,141.993,160.000,160.000,108.628,72.284,20.624,22.473,93.847,111.912,132.979,150.000,128.825,156.885,0.009,0.007
132,2.2016,122.240,0.201,1.753,165.730,146.643,160.000,160.000,115.156,71.912,20.130,20.314,92.388,109.828,134.862,150.000,129.897,157.584,0.009,0.008
133,2.2183,119.506,0.045,1.776,164.812,148.973,159.154,160.000,120.887,73.288,20.271,17.999,92.317,110.455,142.179,150.000,134.881,156.265,0.010,0.008
134,2.2350,120.994,0.255,1.920,166.893,149.633,155.179,160.000,131.561,77.410,22.350,17.806,94.792,111.436,141.585,150.000,134.998,155.182,0.011,0.008
135,2.2516,119.369,0.123,3.276,168.856,152.379,151.329,160.000,136.172,78.747,26.693,16.490,97.984,113.403,145.361,150.000,139.512,155.348,0.012,0.008
136,2.2683,118.969,0.048,4.564,172.527,153.814,144.212,160.000,145.564,91.697,26.610,17.753,97.084,115.527,139.528,150.000,137.610,152.100,0.011,0.008
137,2.2850,120.429,0.007,3.839,173.380,155.475,131.289,144.784,152.650,107.612,28.273,16.396,100.825,113.958,142.326,150.000,147.164,156.968,0.010,0.007
138,2.3017,118.290,0.013,4.331,171.539,162.832,128.960,141.906,149.311,119.373,28.416,16.320,100.145,115.300,146.193,150.000,152.529,154.190,0.009,0.007
139,2.3184,118.378,0.175,5.267,170.398,158.705,123.516,133.443,146.104,126.893,30.134,15.706,101.179,113.900,143.348,150.000,152.448,159.246,0.009,0.008
140,2.3350,117.878,0.177,5.309,169.230,158.626,121.118,129.788,137.222,133.624,29.659,16.111,100.443,113.988,139.762,150.000,148.300,165.208,0.009,0.009
141,2.3517,113.022,0.062,5.355,166.735,157.718,110.038,126.453,130.732,137.179,33.154,15.194,99.470,114.039,132.689,150.000,144.660,158.628,0.008,0.010
142,2.3684,117.079,0.129,7.005,165.102,152.115,120.778,128.594,135.401,130.411,34.677,23.109,99.880,119.560,129.754,150.000,143.385,156.076,0.008,0.011
143,2.3851,120.536,0.216,8.292,162.785,149.690,119.655,125.858,136.125,129.227,35.751,22.984,101.443,117.932,130.039,150.000,144.195,156.085,0.008,0.009
144,2.4018,121.846,0.223,8.337,159.820,149.371,108.554,115.774,136.730,134.185,35.388,25.422,102.109,120.136,130.632,150.000,147.477,160.264,0.007,0.012
145,2.4184,125.068,0.492,8.803,158.336,145.398,107.112,117.097,135.180,136.207,32.990,29.447,100.752,121.137,132.669,150.000,143.393,155.759,0.008,0.014
146,2.4351,129.673,0.717,9.177,155.695,141.905,113.496,121.256,124.651,134.978,34.688,36.238,105.365,123.924,127.264,150.000,144.414,140.731,0.007,0.016
147,2.4518,131.075,0.843,8.432,152.313,144.896,106.500,111.841,124.251,150.408,34.822,38.696,108.470,124.765,126.263,150.000,146.169,136.327,0.008,0.014
148,2.4685,129.385,0.916,6.791,151.403,144.195,105.937,108.108,118.324,146.790,34.216,34.499,107.528,119.912,128.908,150.000,146.696,154.612,0.008,0.012
149,2.4852,127.070,0.972,5.189,146.150,138.796,118.118,108.691,128.050,139.130,34.693,35.011,106.941,120.163,133.383,150.000,143.785,145.533,0.009,0.010
150,2.5018,128.100,0.927,3.798,144.437,136.890,132.171,120.380,138.908,125.916,36.259,26.010,106.290,111.945,134.954,150.000,140.566,142.471,0.010,0.006
151,2.5185,127.041,0.539,2.026,144.341,142.376,136.897,136.799,138.495,113.533,37.227,24.931,106.364,109.913,135.096,150.000,138.088,142.191,0.011,0.005
152,2.5352,125.744,0.371,0.091,144.164,142.475,137.409,137.414,134.158,110.502,37.004,21.840,104.971,107.907,137.110,150.000,134.323,141.026,0.013,0.003
153,2.5519,124.984,0.378,1.140,145.831,144.747,139.550,143.569,132.421,107.339,37.719,19.965,105.404,105.278,137.895,150.000,134.111,148.461,0.013,0.004
154,2.5685,126.494,0.129,1.158,147.542,151.236,143.920,156.989,125.517,99.569,36.996,18.313,104.895,102.918,139.902,150.000,138.317,151.161,0.011,0.005
155,2.5852,127.241,0.137,1.085,148.409,153.355,145.227,159.214,120.482,98.122,37.374,19.925,105.202,104.237,140.539,150.000,133.283,150.668,0.014,0.005
156,2.6019,130.982,0.171,2.223,149.886,154.092,151.389,160.000,121.150,93.188,36.708,19.650,104.690,103.834,140.054,150.000,130.157,149.471,0.014,0.006
157,2.6186,132.866,0.186,3.341,151.256,150.786,155.650,160.000,112.231,88.212,36.612,17.402,104.398,101.333,141.163,150.000,129.676,148.443,0.015,0.007
158,2.6353,132.310,0.438,4.035,152.926,149.023,158.404,160.000,98.030,86.717,37.046,16.742,105.301,99.809,142.199,150.000,130.723,154.289,0.016,0.007
159,2.6519,133.376,0.609,5.178,155.062,149.005,160.000,160.000,90.281,86.966,36.524,16.209,104.949,98.931,141.074,150.000,126.998,146.549,0.017,0.007
160,2.6686,134.651,0.807,5.985,158.351,148.039,160.000,160.000,72.443,87.627,33.760,14.614,102.487,95.635,140.316,150.000,127.896,150.679,0.016,0.008
161,2.6853,134.583,0.949,6.615,160.683,147.713,160.000,157.680,61.533,92.732,34.128,14.367,102.525,94.625,140.954,150.000,130.140,149.808,0.016,0.009
162,2.7020,133.344,1.180,6.997,161.946,147.105,160.000,155.154,57.673,95.699,32.663,14.172,101.278,94.161,141.798,150.000,130.964,160.319,0.015,0.008
163,2.7187,132.220,1.435,8.363,162.944,146.559,160.000,154.259,61.343,97.474,32.853,15.216,101.527,94.884,141.333,150.000,130.856,155.683,0.016,0.003
164,2.7353,128.453,1.644,8.579,163.363,146.676,160.000,153.522,60.303,101.378,32.513,14.794,101.879,94.034,141.505,150.000,133.323,162.098,0.015,0.005
165,2.7520,128.039,1.688,8.541,163.828,145.642,160.000,153.893,60.135,104.447,31.944,14.712,101.623,93.259,141.742,150.000,133.207,163.364,0.015,0.006
166,2.7687,127.329,1.748,8.684,163.712,147.320,160.000,154.415,60.262,105.298,29.829,15.104,101.481,91.910,142.022,150.000,134.088,160.788,0.014,0.005
167,2.7854,128.303,1.923,9.475,163.702,146.938,160.000,154.638,63.646,103.812,27.021,15.531,98.150,93.559,141.999,150.000,130.560,160.731,0.014,0.006
168,2.8021,126.371,1.844,10.279,163.580,147.909,160.000,160.000,71.372,107.477,28.403,14.724,99.091,94.315,143.294,150.000,130.589,161.019,0.014,0.006
169,2.8187,127.768,1.945,12.169,161.825,147.614,160.000,160.000,77.954,109.133,28.255,10.918,98.770,93.219,143.559,150.000,129.848,164.303,0.014,0.006
170,2.8354,130.207,1.844,12.464,162.636,148.165,160.000,160.000,80.005,110.879,29.076,11.760,99.615,94.219,143.202,150.000,130.386,161.533,0.014,0.006
171,2.8521,130.358,1.835,12.265,162.327,150.068,160.000,160.000,83.063,110.587,28.139,12.039,98.642,93.716,142.379,150.000,131.850,163.417,0.013,0.004
172,2.8688,127.373,1.733,12.375,162.424,150.283,160.000,160.000,85.655,117.393,26.395,12.680,97.465,93.789,141.748,150.000,133.009,162.870,0.012,0.004
173,2.8854,125.733,1.346,12.889,161.849,151.226,160.000,160.000,84.200,124.460,26.390,13.573,97.915,95.865,140.290,150.000,131.413,161.008,0.012,0.004
174,2.9021,121.727,1.243,12.947,162.213,152.784,160.000,160.000,85.599,126.629,25.124,14.169,94.880,99.421,144.899,150.000,131.058,154.876,0.012,0.004
175,2.9188,122.719,1.134,12.127,162.596,153.998,160.000,160.000,86.956,130.183,25.513,15.434,94.966,100.770,144.248,150.000,129.494,148.043,0.012,0.003
176,2.9355,120.046,0.872,11.494,162.089,151.233,160.000,160.000,90.274,132.935,27.077,22.512,94.954,109.953,140.435,150.000,127.013,135.086,0.012,0.005
177,2.9522,118.482,0.990,11.123,160.651,151.283,160.000,155.380,99.467,140.923,27.449,23.087,96.270,112.542,137.150,150.000,129.402,144.548,0.010,0.003
178,2.9688,117.865,1.005,10.288,159.944,151.149,160.000,148.797,90.707,146.632,25.947,24.000,95.358,114.205,137.733,150.000,133.034,143.314,0.009,0.007
179,2.9855,116.678,0.942,9.355,158.005,146.275,160.000,154.962,85.843,140.526,25.822,29.669,94.533,120.810,136.724,150.000,124.369,133.981,0.010,0.011
180,3.0022,112.937,0.959,9.001,159.171,141.202,155.992,150.907,93.551,142.762,26.335,29.114,95.591,120.138,135.144,150.000,130.230,139.472,0.008,0.010
181,3.0189,111.183,0.985,8.686,160.330,142.635,160.000,157.690,93.741,138.830,26.181,30.437,95.066,123.514,136.176,150.000,131.617,144.761,0.008,0.015
182,3.0356,109.728,0.704,7.702,159.277,139.905,160.000,160.000,89.304,136.669,26.300,31.651,95.333,126.293,136.098,150.000,129.707,139.945,0.008,0.009
183,3.0522,108.594,1.205,7.219,158.313,142.094,160.000,160.000,82.781,131.613,27.496,32.119,94.425,130.367,139.255,150.000,120.865,143.151,0.009,0.008
184,3.0689,109.329,1.193,6.483,157.942,142.935,160.000,160.000,84.545,131.143,27.910,32.147,94.459,131.296,140.873,150.000,122.033,165.878,0.010,0.008
185,3.0856,107.805,1.140,4.488,157.692,142.771,160.000,160.000,91.241,134.331,28.587,28.178,94.401,128.638,140.362,150.000,124.071,128.882,0.009,0.014
186,3.1023,104.686,1.292,3.694,157.044,140.717,160.000,160.000,92.251,137.283,27.325,25.746,92.471,127.724,142.059,150.000,126.443,133.375,0.008,0.009
187,3.1189,103.264,1.337,2.765,156.819,139.490,160.000,160.000,89.858,131.235,27.437,20.820,92.551,124.202,142.533,150.000,126.045,138.872,0.009,0.007
188,3.1356,102.284,1.308,1.678,157.665,140.478,160.000,160.000,92.522,128.233,28.461,15.599,93.279,121.008,144.564,150.000,127.972,135.614,0.009,0.006
189,3.1523,104.433,1.239,0.163,158.371,140.988,160.000,160.000,89.736,133.913,24.873,16.289,91.172,120.905,150.000,150.000,140.280,140.838,0.007,0.007
190,3.1690,105.220,0.961,0.858,158.881,141.055,160.000,160.000,87.486,133.793,25.322,16.258,91.457,120.019,150.000,150.000,134.077,135.226,0.009,0.006
191,3.1857,104.689,1.149,0.624,160.557,147.007,160.000,160.000,86.268,140.325,18.450,17.098,88.921,119.543,150.000,150.000,137.043,143.992,0.008,0.007
192,3.2023,104.034,1.204,0.428,159.778,146.737,160.000,160.000,85.570,137.375,21.040,12.686,91.709,113.492,149.407,150.000,137.321,151.378,0.008,0.007
193,3.2190,103.434,1.721,0.581,158.740,142.694,160.000,160.000,80.170,127.517,18.519,11.529,89.324,110.418,150.000,150.000,134.302,150.080,0.009,0.007
194,3.2357,101.427,1.965,0.510,159.218,143.277,160.000,160.000,79.251,125.294,18.256,12.112,87.834,112.900,149.273,150.000,135.372,149.280,0.008,0.008
195,3.2524,101.970,2.184,0.604,163.758,143.809,160.000,160.000,77.963,122.016,18.517,12.583,86.821,115.179,150.000,150.000,133.792,147.096,0.008,0.007
196,3.2691,101.487,1.791,0.709,163.120,138.899,160.000,160.000,78.840,122.712,19.276,13.674,87.398,116.532,148.332,150.000,131.876,145.990,0.009,0.007
197,3.2857,101.226,1.884,0.489,161.378,139.712,160.000,160.000,80.675,124.345,19.472,13.786,87.363,116.913,147.242,150.000,130.639,147.034,0.008,0.007
198,3.3024,103.136,1.955,0.092,160.589,138.375,160.000,160.000,79.100,117.772,19.580,15.456,87.054,118.172,145.990,150.000,129.284,146.792,0.009,0.007
199,3.3191,102.942,1.847,0.776,161.264,141.876,160.000,160.000,79.503,88.940,19.115,15.157,86.387,118.143,147.408,150.000,130.139,146.532,0.009,0.007
200,3.3358,100.422,1.834,1.319,162.478,144.237,160.000,160.000,77.797,111.916,18.419,13.799,85.112,118.428,148.784,150.000,129.120,145.769,0.009,0.007
201,3.3525,102.468,1.614,1.453,161.057,145.048,160.000,160.000,77.842,128.826,15.976,15.164,83.524,118.191,149.374,150.000,132.626,151.965,0.008,0.008
202,3.3691,101.977,1.656,1.014,160.846,145.885,160.000,160.000,79.365,135.482,15.710,14.171,83.123,114.238,150.000,150.000,140.271,155.767,0.007,0.009
203,3.3858,102.485,1.738,0.383,159.698,144.021,160.000,160.000,77.213,133.244,16.777,16.475,82.951,115.234,148.143,150.000,136.865,158.744,0.007,0.009
204,3.4025,103.047,1.814,0.651,161.415,144.547,160.000,160.000,76.548,126.805,16.891,15.686,82.198,114.232,148.859,150.000,135.773,156.585,0.007,0.009
205,3.4192,102.661,1.600,0.780,162.508,144.890,160.000,160.000,77.189,127.817,17.128,16.253,82.004,115.062,147.992,150.000,135.071,156.165,0.007,0.009
206,3.4358,102.683,1.234,0.413,163.302,145.845,160.000,160.000,78.171,122.807,16.327,15.415,82.269,114.205,147.974,150.000,133.010,156.861,0.007,0.009
207,3.4525,105.268,1.111,0.193,171.167,148.303,160.000,160.000,83.997,87.587,17.733,14.619,84.181,109.176,144.442,150.000,132.818,153.625,0.007,0.008
208,3.4692,107.608,1.140,0.379,174.663,149.963,160.000,160.000,86.600,80.444,17.124,14.163,84.396,107.559,145.283,150.000,132.598,155.731,0.008,0.007
209,3.4859,109.660,0.737,1.187,176.884,150.160,160.000,160.000,90.228,60.752,16.781,13.779,84.922,105.683,143.744,150.000,133.756,157.335,0.008,0.007
210,3.5026,112.287,0.181,2.160,174.531,149.136,160.000,160.000,97.445,65.469,15.262,14.368,86.104,100.420,144.849,150.000,133.642,159.632,0.008,0.007
211,3.5192,113.032,0.609,3.631,172.981,150.705,160.000,160.000,98.037,105.313,15.750,14.100,87.394,101.258,146.998,150.000,137.444,162.118,0.009,0.007
212,3.5359,113.390,1.016,4.567,171.242,149.628,160.000,160.000,100.355,93.862,16.244,13.826,88.794,102.540,144.234,150.000,135.495,162.968,0.009,0.007
213,3.5526,110.422,0.845,5.432,170.866,153.060,160.000,160.000,105.046,82.055,18.046,13.274,89.653,104.301,143.298,150.000,133.221,160.944,0.010,0.007
214,3.5693,109.697,0.352,5.708,172.150,157.837,160.000,160.000,108.677,78.732,17.580,12.932,88.902,104.767,140.948,150.000,133.126,162.665,0.009,0.007
215,3.5860,111.102,0.285,5.968,175.436,159.689,160.000,160.000,115.568,80.796,18.300,12.541,89.999,104.346,146.263,150.000,136.886,163.579,0.009,0.007
216,3.6026,114.372,0.030,5.776,175.360,158.263,160.000,160.000,124.183,84.168,18.282,12.628,89.901,106.386,144.617,150.000,138.171,165.937,0.008,0.007
217,3.6193,116.546,0.451,5.600,176.708,157.909,158.386,160.000,136.728,86.376,20.282,11.841,93.248,105.605,150.000,150.000,146.895,164.590,0.008,0.007
218,3.6360,117.444,0.502,6.379,174.608,156.022,150.751,160.000,147.450,93.313,21.093,11.520,95.613,107.004,147.476,150.000,149.721,166.007,0.007,0.007
219,3.6527,115.344,0.549,7.204,169.370,157.544,142.997,157.193,154.392,109.091,25.988,11.245,97.990,108.928,145.601,150.000,153.770,167.745,0.007,0.007
220,3.6694,115.086,0.363,7.622,165.296,158.557,128.890,141.006,151.505,125.081,23.925,10.756,95.742,108.867,148.180,150.000,156.962,168.045,0.006,0.007
221,3.6860,115.683,0.063,8.818,164.953,161.925,129.147,143.378,154.194,129.769,26.420,10.880,98.016,109.656,149.875,150.000,162.766,169.195,0.006,0.008
222,3.7027,114.886,0.154,10.146,166.641,161.072,128.315,140.277,151.241,133.097,32.212,11.627,100.490,111.819,147.445,150.000,162.121,170.048,0.006,0.008
223,3.7194,115.706,0.249,10.406,166.776,164.881,123.362,140.180,145.222,124.759,30.134,13.322,98.474,113.100,150.000,150.000,163.136,169.446,0.006,0.008
224,3.7361,118.043,0.304,9.658,165.364,163.286,117.766,131.336,133.830,128.782,31.663,12.800,99.721,112.263,147.953,150.000,160.698,168.899,0.006,0.008
225,3.7527,116.883,0.522,9.758,164.643,165.351,116.123,128.365,135.742,139.409,33.668,12.717,100.331,113.264,144.155,150.000,156.868,170.545,0.006,0.008
226,3.7694,117.037,0.468,10.099,163.042,169.641,100.331,117.166,134.121,150.916,33.506,13.436,100.413,113.951,144.295,150.000,160.877,168.873,0.005,0.008
227,3.7861,119.025,0.588,10.936,160.549,163.222,101.484,107.560,134.321,161.536,35.977,19.171,104.117,115.305,144.623,150.000,167.492,170.649,0.005,0.009
228,3.8028,119.960,1.093,11.387,160.162,158.261,105.057,107.541,139.598,160.490,34.880,19.737,103.585,114.833,142.858,150.000,164.476,169.414,0.004,0.010
229,3.8195,121.757,1.449,11.498,160.187,154.470,109.406,111.368,127.445,157.379,34.106,28.239,103.236,120.790,140.036,150.000,168.043,159.637,0.004,0.011
230,3.8361,121.780,1.656,11.449,157.850,152.972,118.812,117.292,132.044,150.441,33.204,36.696,102.961,126.624,130.410,150.000,154.788,151.634,0.004,0.010
231,3.8528,121.688,1.690,11.524,155.833,151.102,124.141,121.805,137.641,140.811,32.232,39.661,102.337,127.630,131.586,149.344,149.820,154.772,0.005,0.010
232,3.8695,122.545,1.554,11.272,153.242,152.851,125.078,123.357,135.091,133.947,30.450,38.559,101.643,125.705,132.247,146.865,152.995,158.350,0.005,0.010
233,3.8862,121.205,1.483,10.498,151.759,152.484,126.416,128.309,139.302,130.981,29.911,39.615,101.363,126.159,133.536,145.996,153.263,164.684,0.005,0.010
234,3.9029,119.716,1.675,9.944,147.761,149.444,130.585,134.485,143.290,120.340,28.007,44.377,99.262,129.743,134.888,139.544,149.845,144.887,0.005,0.012
235,3.9195,119.452,1.525,9.150,146.773,149.344,128.698,134.255,138.820,113.382,27.088,49.493,99.450,131.363,134.360,135.256,148.831,153.746,0.005,0.013
236,3.9362,120.011,1.491,8.350,145.236,148.774,149.038,160.000,135.110,86.723,26.567,44.993,98.111,127.741,134.950,137.403,141.627,145.170,0.006,0.011
237,3.9529,118.883,1.527,8.078,146.544,148.233,146.349,152.173,128.099,86.411,25.901,44.256,97.479,127.104,137.517,144.042,143.107,146.440,0.007,0.012
238,3.9696,118.057,1.368,7.431,149.671,150.545,147.257,152.473,117.431,88.509,27.062,43.656,98.334,126.398,138.081,145.452,145.498,143.612,0.006,0.010
239,3.9863,117.381,1.201,6.632,151.500,149.803,148.986,152.384,99.558,87.943,27.921,41.436,98.937,124.568,137.961,146.204,149.477,143.113,0.006,0.008
240,4.0029,117.304,1.285,6.229,154.377,150.359,149.939,154.762,94.947,86.723,26.339,40.048,97.125,122.338,139.993,150.000,146.746,150.213,0.007,0.011
241,4.0196,117.337,1.184,6.284,157.867,151.345,158.596,155.993,89.771,86.630,26.480,39.483,97.001,122.026,139.581,150.000,144.747,137.548,0.007,0.008
242,4.0363,117.554,0.636,6.151,159.483,152.459,160.000,160.000,79.856,80.277,25.864,39.567,96.182,122.139,137.832,148.132,142.756,137.574,0.007,0.008
243,4.0530,117.320,0.483,5.882,160.592,151.110,160.000,159.276,67.166,81.870,26.090,37.566,95.681,120.174,138.029,146.670,144.694,143.566,0.007,0.008
244,4.0696,116.301,0.411,5.398,160.413,150.685,160.000,160.000,62.171,80.039,26.760,35.443,95.297,117.686,140.023,150.000,139.434,137.851,0.009,0.006
245,4.0863,117.053,0.189,5.235,162.867,151.254,160.000,160.000,50.516,80.265,27.986,31.930,96.111,112.896,141.271,150.000,142.993,136.888,0.009,0.005
246,4.1030,117.156,0.202,5.358,164.654,148.861,160.000,160.000,44.273,80.488,28.956,26.539,96.416,107.530,141.959,150.000,140.127,138.825,0.010,0.003
247,4.1197,116.315,0.698,3.092,162.226,149.268,160.000,160.000,52.461,78.423,28.649,23.450,97.257,105.499,141.772,150.000,140.960,152.903,0.010,0.002
248,4.1364,116.265,0.663,0.471,162.282,146.913,160.000,160.000,53.330,77.265,29.042,21.343,97.771,103.638,142.618,150.000,138.096,151.006,0.011,0.002
249,4.1530,115.850,1.114,2.379,161.609,147.295,160.000,160.000,51.903,78.437,28.968,23.996,98.907,105.509,142.305,150.000,136.531,150.345,0.011,0.004
250,4.1697,113.961,1.388,3.545,161.001,147.629,160.000,160.000,51.617,79.819,27.053,22.050,98.013,103.624,143.110,150.000,133.393,146.617,0.012,0.003
251,4.1864,114.125,1.638,4.426,160.475,151.109,160.000,160.000,61.189,78.668,25.586,29.467,98.367,110.432,142.119,150.000,134.135,139.688,0.011,0.004
252,4.2031,114.795,1.603,5.301,162.935,156.197,160.000,160.000,61.573,88.791,23.795,40.339,97.317,118.721,140.768,133.256,134.489,131.232,0.010,0.006
253,4.2198,117.190,1.507,5.627,163.461,155.807,160.000,160.000,66.158,96.308,22.863,44.163,98.154,119.713,139.084,131.045,134.309,134.399,0.010,0.007
254,4.2364,115.470,1.608,4.473,162.584,159.352,160.000,160.000,76.620,102.288,21.690,39.399,95.769,118.677,142.265,126.821,134.153,125.681,0.010,0.006
255,4.2531,114.061,1.634,4.484,161.728,161.168,160.000,160.000,85.306,105.050,22.470,38.499,94.945,119.790,142.473,129.202,134.659,132.875,0.010,0.006
256,4.2698,109.389,1.722,4.593,162.096,166.016,160.000,160.000,83.936,110.051,22.004,30.342,93.241,117.683,141.383,129.385,133.220,145.080,0.009,0.007
257,4.2865,108.603,1.966,4.816,157.466,154.117,158.168,150.786,89.197,121.729,26.318,27.068,95.958,115.571,137.888,127.236,131.743,127.747,0.010,0.007
258,4.3032,111.867,1.922,5.209,153.522,150.225,153.124,144.756,91.470,135.606,26.797,41.395,99.512,121.981,132.235,132.056,134.013,140.766,0.009,0.009
259,4.3198,116.815,1.658,5.364,148.822,143.794,142.436,138.349,97.553,145.660,21.390,48.539,99.667,123.922,130.245,131.791,141.748,148.499,0.007,0.012
260,4.3365,115.992,1.761,5.658,146.445,141.153,140.079,133.632,98.138,152.012,20.261,47.672,99.245,124.221,130.215,132.543,143.515,154.527,0.006,0.013
261,4.3532,116.066,1.802,4.600,142.761,135.693,131.500,131.166,101.699,155.099,26.068,41.985,104.097,121.576,127.644,130.747,151.648,146.920,0.006,0.009
262,4.3699,110.469,1.769,2.972,147.274,142.979,133.665,129.002,99.385,155.953,28.344,28.464,102.786,115.766,130.796,139.906,150.896,143.535,0.006,0.010
263,4.3865,109.477,1.420,0.436,149.531,145.665,118.624,120.062,110.479,162.810,27.881,27.434,102.111,116.346,129.004,136.652,140.940,149.332,0.007,0.010
264,4.4032,107.263,1.106,1.346,149.030,151.200,108.279,107.324,117.985,163.864,29.799,22.000,101.923,115.835,128.193,138.572,152.019,148.406,0.006,0.011
265,4.4199,106.796,0.861,2.106,150.775,145.736,105.711,103.004,122.085,161.186,28.712,22.728,100.669,115.896,129.313,143.350,149.572,149.659,0.006,0.010
266,4.4366,100.246,1.086,2.464,155.545,152.687,101.481,101.270,132.173,165.739,31.885,6.972,99.985,105.703,131.037,150.000,153.135,160.545,0.005,0.011
267,4.4533,101.121,1.438,2.211,155.663,145.917,112.624,119.472,125.907,157.711,27.861,7.977,96.665,105.806,132.823,150.000,148.833,162.961,0.005,0.008
268,4.4699,102.235,1.723,1.905,160.606,148.410,120.089,112.407,122.525,161.563,23.358,9.480,92.744,107.465,139.673,150.000,148.923,163.012,0.005,0.007
269,4.4866,103.013,1.883,1.767,164.979,161.044,122.461,120.807,128.303,161.474,24.957,21.079,98.497,90.558,139.516,150.000,154.250,171.382,0.005,0.007
270,4.5033,101.742,2.338,1.122,165.815,162.314,134.249,145.720,117.664,149.163,26.272,30.353,99.741,84.741,138.330,150.000,153.141,162.998,0.005,0.006
271,4.5200,100.178,2.602,0.786,163.049,150.987,155.389,154.848,97.356,139.655,25.528,21.720,98.073,94.473,141.237,150.000,146.857,171.149,0.006,0.006
272,4.5367,100.199,2.935,0.485,162.026,146.419,156.168,153.098,96.285,138.493,23.250,19.141,95.460,99.927,143.886,150.000,147.704,166.351,0.006,0.006
