frame,time_sec,abdomen_y_deg,abdomen_x_deg,hip_y_left_deg,hip_y_right_deg,knee_left_deg,knee_right_deg,ankle_y_left_deg,ankle_y_right_deg,shoulder1_left_deg,shoulder1_right_deg,elbow_left_deg,elbow_right_deg
0,0.0000,3.847,60.000,148.989,145.954,134.903,127.332,31.224,32.200,100.608,90.168,124.613,122.124
1,0.0167,3.822,60.000,151.694,144.951,134.985,125.881,29.306,31.540,100.068,91.833,123.487,123.948
2,0.0333,3.766,60.000,151.862,144.658,134.599,125.336,28.926,31.121,99.877,92.188,123.205,124.542
3,0.0500,3.693,60.000,151.627,143.614,134.426,124.157,29.182,30.894,99.906,93.031,123.340,125.460
4,0.0667,3.663,60.000,151.491,141.884,134.344,122.525,29.313,30.928,100.122,93.044,123.830,125.565
5,0.0834,3.664,60.000,150.544,141.452,133.956,122.681,29.304,30.925,100.611,92.906,124.940,125.912
6,0.1000,3.672,60.000,149.586,143.474,133.512,124.744,29.162,30.602,100.493,92.059,125.218,125.088
7,0.1167,3.688,60.000,148.242,143.399,133.276,125.843,29.154,30.749,100.581,91.375,126.020,124.683
8,0.1334,3.716,60.000,148.401,144.371,132.957,126.299,28.761,30.359,100.551,91.577,126.144,124.870
9,0.1501,3.756,60.000,148.691,144.521,133.214,126.627,28.852,30.497,100.591,90.847,126.286,124.094
10,0.1667,3.762,60.000,150.002,145.089,134.282,127.059,28.788,30.446,100.467,90.738,125.921,123.881
11,0.1834,3.792,60.000,149.535,146.048,132.569,127.098,28.794,30.508,100.644,92.047,125.650,124.822
12,0.2001,3.814,60.000,149.579,146.681,132.150,127.421,28.724,30.355,100.423,92.218,125.108,124.986
13,0.2168,3.830,60.000,147.932,147.666,129.920,127.935,28.473,30.036,100.633,92.316,125.146,125.006
14,0.2334,3.830,60.000,145.849,148.799,127.392,128.647,27.974,29.556,100.763,92.208,125.272,124.957
15,0.2501,3.830,60.000,144.865,148.686,126.099,128.599,27.793,29.610,100.713,92.206,125.039,124.928
16,0.2668,3.847,60.000,140.347,148.437,121.516,128.259,27.850,29.718,100.873,91.778,125.132,124.411
17,0.2835,3.835,60.000,141.315,148.337,122.617,128.240,27.921,29.779,100.886,91.776,125.012,124.353
18,0.3001,3.846,60.000,141.661,145.713,123.130,125.989,27.971,29.964,100.791,91.576,124.851,123.798
19,0.3168,3.846,60.000,138.939,144.971,120.342,125.397,28.006,30.120,100.782,91.418,124.742,123.596
20,0.3335,3.816,60.000,134.924,143.096,116.297,124.027,28.059,30.448,100.765,90.786,124.617,122.627
21,0.3502,3.857,60.000,133.604,140.660,114.916,121.683,28.208,30.650,100.774,90.439,124.482,122.144
22,0.3668,3.894,60.000,133.607,137.849,114.074,118.116,28.549,30.767,100.404,91.064,123.354,122.349
23,0.3835,3.913,60.000,134.077,138.443,113.796,118.206,28.801,30.937,100.636,92.004,123.400,123.381
24,0.4002,3.926,60.000,133.063,138.573,112.555,118.290,28.462,30.854,100.625,91.905,123.129,123.281
25,0.4169,3.910,60.000,132.444,138.992,111.924,118.683,28.285,30.790,101.105,91.863,123.804,123.197
26,0.4335,3.886,60.000,132.960,139.211,112.221,118.901,27.828,30.841,101.077,92.103,123.995,123.445
27,0.4502,3.849,60.000,135.404,138.845,115.031,119.089,27.769,30.820,100.887,92.917,124.095,124.784
28,0.4669,3.817,60.000,134.378,137.434,115.217,118.738,27.772,30.665,100.283,93.319,124.353,125.664
29,0.4836,3.788,60.000,135.375,134.396,116.925,117.040,28.012,31.045,99.701,94.757,123.959,127.022
30,0.5002,3.771,60.000,135.015,132.797,116.679,115.080,28.098,30.805,99.548,94.565,123.970,126.584
31,0.5169,3.762,60.000,134.685,132.535,116.256,114.639,28.087,30.669,99.706,93.981,124.235,125.939
32,0.5336,3.764,60.000,134.621,133.036,115.735,114.465,28.248,30.667,100.353,94.729,124.913,126.503
33,0.5503,3.786,60.000,134.630,133.995,115.524,114.681,28.385,30.664,100.990,94.797,125.685,126.694
34,0.5669,3.830,60.000,134.809,135.402,115.689,115.990,28.077,30.413,100.967,94.280,125.826,126.268
35,0.5836,3.815,60.000,134.786,137.411,115.326,117.463,27.828,29.885,100.817,94.252,125.672,126.298
36,0.6003,3.803,60.000,135.213,139.914,114.710,119.396,27.533,29.569,99.983,94.708,124.659,126.881
37,0.6170,3.782,60.000,136.169,139.840,115.315,119.417,27.480,29.741,99.378,95.034,123.583,126.865
38,0.6336,3.769,60.000,137.310,139.822,115.502,119.108,27.508,29.767,99.043,95.768,122.964,127.737
39,0.6503,3.757,60.000,137.766,138.956,115.959,118.872,27.618,30.368,99.519,95.955,123.357,128.068
40,0.6670,3.768,60.000,136.018,138.712,114.917,118.945,27.468,30.129,99.212,94.631,123.265,126.452
41,0.6837,3.795,60.000,135.537,138.499,114.634,119.082,27.650,30.431,99.317,94.631,123.360,126.463
42,0.7003,3.826,60.000,134.734,137.415,114.651,118.984,27.719,30.615,99.197,94.122,123.398,125.992
43,0.7170,3.800,60.000,131.759,137.218,111.457,118.744,27.597,30.598,99.167,94.039,123.366,125.880
44,0.7337,3.790,60.000,131.475,137.323,111.573,118.788,27.495,30.361,98.852,93.586,123.070,125.373
45,0.7504,3.816,60.000,130.638,136.489,111.164,118.113,28.090,30.871,99.237,93.450,123.437,125.127
46,0.7670,3.806,60.000,129.903,136.955,110.181,118.272,28.020,30.880,99.334,93.183,123.502,124.937
47,0.7837,3.853,60.000,129.556,137.251,109.609,118.331,27.873,30.813,99.509,93.030,123.593,124.756
48,0.8004,3.887,60.000,129.775,138.368,109.786,119.280,27.840,30.652,99.773,92.848,123.766,124.681
49,0.8171,3.873,60.000,129.887,137.856,109.909,118.817,27.819,30.578,99.823,92.883,123.811,124.731
50,0.8337,3.848,60.000,129.958,137.177,110.349,118.606,28.098,30.963,100.042,92.896,124.127,124.713
51,0.8504,3.918,60.000,129.859,137.244,110.016,118.417,28.006,30.851,100.142,93.110,124.223,125.015
52,0.8671,3.932,60.000,129.610,136.963,110.190,118.095,27.789,30.606,100.417,92.467,124.622,124.556
53,0.8838,3.986,60.000,132.554,138.657,112.891,119.158,27.740,30.580,100.508,92.542,124.680,124.844
54,0.9004,4.066,60.000,135.446,138.930,116.179,119.474,28.045,30.678,100.478,92.607,124.587,125.004
55,0.9171,4.142,60.000,138.002,140.375,118.300,120.411,28.246,30.780,101.929,93.261,126.063,125.865
56,0.9338,4.218,60.000,142.137,141.798,122.630,121.660,28.289,30.657,102.596,93.543,126.753,126.459
57,0.9505,4.324,60.000,143.779,143.141,124.217,122.552,28.634,30.757,103.661,94.149,127.977,127.316
58,0.9671,4.448,60.000,148.451,144.506,128.572,123.217,29.140,30.980,104.598,95.449,128.917,128.890
59,0.9838,4.526,60.000,154.339,146.084,135.244,124.975,29.880,31.105,103.572,97.220,127.961,130.726
60,1.0005,4.577,60.000,155.885,147.414,136.316,126.325,29.526,31.112,102.397,98.218,126.594,131.869
61,1.0172,4.631,60.000,155.328,149.037,135.660,127.869,29.420,31.178,102.502,98.264,126.680,132.341
62,1.0338,4.729,60.000,157.988,150.693,138.489,129.652,29.288,31.227,102.466,98.661,126.415,133.307
63,1.0505,4.809,60.000,157.435,150.547,137.890,129.389,29.332,31.312,102.743,98.216,126.727,132.997
64,1.0672,4.854,60.000,153.966,150.224,134.582,129.110,29.626,31.380,102.798,97.113,126.782,131.615
65,1.0839,4.881,60.000,153.769,149.565,134.483,128.702,29.778,31.579,102.512,96.993,126.457,131.437
66,1.1005,4.856,60.000,153.677,149.179,134.257,128.340,29.812,31.550,101.824,97.318,125.695,131.336
67,1.1172,4.829,60.000,153.732,148.101,134.447,128.179,29.589,31.399,101.239,97.807,125.036,131.494
68,1.1339,4.821,60.000,154.216,149.808,133.916,128.792,28.851,30.522,100.519,97.887,124.363,131.782
69,1.1506,4.797,60.000,155.219,150.078,134.798,128.623,29.046,30.583,100.530,97.103,123.871,130.433
70,1.1672,4.783,60.000,155.184,146.635,135.396,126.374,29.446,31.457,100.701,96.993,124.215,130.177
71,1.1839,4.778,60.000,155.105,144.288,135.452,124.034,29.547,31.526,100.675,97.226,123.943,130.301
72,1.2006,4.780,60.000,155.620,143.612,136.478,123.898,29.515,31.413,100.485,96.982,123.662,130.074
73,1.2173,4.830,60.000,155.393,143.715,136.813,124.127,30.021,31.572,100.708,96.926,123.835,130.031
74,1.2339,4.830,60.000,155.217,143.840,136.834,124.290,30.107,31.570,100.470,96.742,123.373,129.787
75,1.2506,4.839,60.000,154.841,145.484,136.522,125.519,29.944,30.939,99.783,96.606,122.493,129.578
76,1.2673,4.944,60.000,154.286,149.330,136.337,128.947,29.434,30.376,100.316,96.210,122.883,129.294
77,1.2840,4.966,60.000,154.514,149.405,136.156,128.897,29.124,30.470,100.358,95.827,123.007,129.059
78,1.3006,5.000,60.000,155.359,149.392,137.003,128.956,29.096,30.549,100.420,95.817,123.074,129.077
79,1.3173,5.059,60.000,155.914,149.270,137.020,127.763,29.191,30.983,101.598,95.308,124.130,128.635
80,1.3340,5.025,60.000,157.074,142.566,137.141,121.179,29.971,32.116,101.679,96.813,123.745,130.074
81,1.3507,5.040,60.000,156.129,142.723,136.194,121.341,30.045,31.967,101.689,96.259,123.605,129.579
82,1.3673,5.005,60.000,155.707,142.111,135.970,120.820,30.034,31.955,101.575,96.269,123.751,129.486
83,1.3840,4.965,60.000,153.255,139.969,134.404,119.935,30.224,32.195,100.365,95.145,122.480,127.811
84,1.4007,4.951,60.000,152.654,140.319,134.305,120.252,30.248,32.133,100.695,94.859,123.082,127.612
85,1.4174,4.930,60.000,151.419,139.846,133.791,120.268,30.161,32.111,100.904,93.879,123.617,126.255
86,1.4340,4.822,60.000,151.265,139.092,133.782,120.702,30.159,32.162,100.483,95.469,123.322,127.806
87,1.4507,4.784,60.000,151.002,138.769,133.473,120.922,30.126,32.223,100.259,95.871,123.175,128.127
88,1.4674,4.759,60.000,150.976,138.186,133.441,120.764,30.152,32.538,100.006,96.528,123.141,128.960
89,1.4841,4.746,60.000,151.482,138.551,133.964,120.988,30.185,32.479,99.719,96.868,122.812,129.329
90,1.5007,4.748,60.000,151.916,138.673,134.017,121.131,30.203,32.546,100.077,97.111,123.380,129.549
91,1.5174,4.720,60.000,154.334,140.192,135.968,121.985,29.892,32.069,100.045,97.216,123.438,129.689
92,1.5341,4.663,60.000,155.530,141.155,136.827,122.117,30.034,32.116,101.274,98.199,124.729,130.926
93,1.5508,4.648,60.000,154.989,142.106,136.278,122.423,30.444,32.461,102.088,97.235,125.488,129.814
94,1.5674,4.648,60.000,153.915,141.888,135.923,122.969,30.365,32.404,101.727,95.934,124.923,128.110
95,1.5841,4.594,60.000,152.648,142.211,135.363,124.105,30.158,32.020,100.711,95.600,124.006,127.733
96,1.6008,4.555,60.000,152.682,141.206,135.400,124.130,29.834,32.045,99.720,95.322,122.767,127.279
97,1.6175,4.552,60.000,153.606,142.891,136.006,125.282,29.651,31.744,99.874,95.909,122.893,128.140
98,1.6341,4.516,60.000,153.439,142.286,135.921,125.380,29.688,32.041,99.814,96.487,122.800,128.628
99,1.6508,4.492,60.000,151.782,142.127,134.062,125.182,29.817,32.058,99.898,96.568,122.842,128.815
100,1.6675,4.455,60.000,150.636,142.235,132.828,124.946,29.922,32.063,100.255,96.096,123.335,128.081
101,1.6842,4.423,60.000,149.537,143.449,130.836,124.726,29.901,32.084,101.286,95.614,124.367,127.353
102,1.7008,4.376,60.000,148.778,143.191,130.179,124.489,29.957,32.149,101.323,94.931,124.405,126.645
103,1.7175,4.343,60.000,146.001,143.205,126.818,123.582,29.983,32.163,101.317,93.775,123.978,125.029
104,1.7342,4.318,60.000,146.136,141.297,127.312,122.086,30.351,32.660,101.486,94.113,124.192,125.357
105,1.7509,4.296,60.000,144.820,142.301,124.751,121.866,30.260,32.575,102.343,94.820,125.001,126.051
106,1.7675,4.227,60.000,145.117,140.391,125.193,120.890,30.092,32.562,101.754,95.649,124.436,126.892
107,1.7842,4.265,60.000,145.500,139.270,125.698,119.772,30.155,32.478,101.722,95.666,124.333,127.132
108,1.8009,4.211,60.000,146.924,138.479,127.396,119.037,30.378,32.478,101.746,95.770,124.520,127.181
109,1.8176,4.222,60.000,146.543,138.120,126.984,118.733,29.852,31.958,100.972,95.265,123.471,126.585
110,1.8342,4.212,60.000,146.977,138.833,127.320,119.079,29.427,31.449,100.552,95.206,122.961,126.527
111,1.8509,4.212,60.000,148.319,138.220,129.157,119.154,29.717,32.035,100.198,94.351,122.500,125.371
112,1.8676,4.226,60.000,150.664,137.598,132.790,119.195,29.790,32.039,99.387,93.449,121.846,124.507
113,1.8843,4.250,60.000,152.825,137.608,135.234,119.242,29.935,32.079,99.503,93.421,121.989,124.478
114,1.9009,4.244,60.000,154.811,139.131,137.476,120.578,30.129,31.964,99.576,93.883,122.084,124.712
115,1.9176,4.216,60.000,154.834,140.222,137.448,121.644,30.088,31.930,99.548,93.937,122.053,124.744
116,1.9343,4.252,60.000,155.651,140.690,138.012,121.650,30.192,32.176,100.377,94.640,123.037,125.782
117,1.9510,4.290,60.000,155.670,141.888,137.311,121.830,29.841,31.659,100.736,94.368,123.332,125.740
118,1.9676,4.305,60.000,155.658,143.012,136.974,122.683,29.686,31.475,100.782,94.426,123.419,125.926
119,1.9843,4.310,60.000,156.533,146.896,137.509,126.048,29.327,30.981,100.848,94.242,123.572,125.991
120,2.0010,4.292,60.000,157.458,148.396,138.491,127.561,29.269,30.966,100.835,94.231,123.744,126.145
121,2.0177,4.353,60.000,158.210,149.268,139.293,128.317,29.256,30.908,101.020,94.139,123.981,126.227
122,2.0343,4.314,60.000,158.715,149.103,139.633,127.958,29.317,31.036,101.466,94.409,124.597,126.576
123,2.0510,4.319,60.000,160.586,151.299,141.236,129.778,29.196,31.009,101.812,94.997,125.145,127.292
124,2.0677,4.341,60.000,162.353,152.378,142.576,130.210,28.899,30.779,102.109,95.715,125.391,128.281
125,2.0844,4.436,60.000,163.344,154.245,143.283,131.215,28.522,30.351,102.236,95.463,125.422,128.455
126,2.1010,4.440,60.000,164.211,155.101,143.569,131.328,27.893,29.862,102.249,94.876,125.416,127.820
127,2.1177,4.425,60.000,164.776,156.219,143.170,130.884,27.974,29.940,103.264,94.483,126.275,127.165
128,2.1344,4.421,60.000,164.702,156.222,143.309,131.100,28.160,30.022,103.141,94.356,126.146,126.974
129,2.1511,4.437,60.000,164.479,156.226,142.954,131.294,28.179,29.963,103.163,94.155,126.105,126.740
130,2.1677,4.415,60.000,164.603,157.284,142.667,132.071,28.154,29.979,103.224,94.657,126.335,127.385
131,2.1844,4.414,60.000,164.205,157.498,142.394,132.606,28.108,30.074,104.025,94.551,127.449,127.479
132,2.2011,4.440,60.000,163.825,157.473,143.037,133.414,27.818,29.729,103.646,94.181,127.151,127.583
133,2.2178,4.484,60.000,163.080,159.329,142.916,135.520,27.112,28.840,103.310,92.263,126.557,125.287
134,2.2344,4.548,60.000,161.604,158.608,140.380,134.583,26.713,29.181,103.786,86.513,126.673,120.727
135,2.2511,4.510,60.000,159.472,158.623,138.446,134.468,27.391,29.564,103.738,87.906,126.842,120.182
136,2.2678,4.472,60.000,158.356,157.461,137.455,134.530,27.523,29.739,103.390,89.820,126.558,121.931
137,2.2845,4.415,60.000,158.676,153.602,137.986,131.673,27.731,30.222,102.994,91.319,126.196,123.704
138,2.3011,4.355,60.000,159.007,151.149,138.194,129.134,27.743,30.280,102.899,89.257,126.225,122.349
139,2.3178,4.303,60.000,158.804,149.861,138.278,127.904,27.739,30.210,102.023,89.130,125.345,122.220
140,2.3345,4.294,60.000,157.939,151.514,138.660,130.805,27.784,30.137,101.056,88.861,124.700,121.303
141,2.3512,4.267,60.000,159.878,156.502,138.622,132.512,28.027,30.462,103.710,88.852,126.965,120.785
142,2.3678,4.284,60.000,160.458,157.520,138.900,133.024,28.016,30.455,103.898,87.016,127.564,119.966
143,2.3845,4.341,60.000,160.801,157.754,139.036,132.922,28.069,30.466,103.539,86.888,126.837,120.400
144,2.4012,4.305,60.000,162.490,156.177,141.639,133.351,28.143,30.246,101.608,90.981,125.314,124.776
145,2.4179,4.268,60.000,165.914,156.946,146.198,135.408,28.173,29.939,99.619,91.919,123.346,125.949
146,2.4345,4.329,60.000,166.222,157.315,146.601,135.826,28.830,30.558,98.042,91.293,121.971,125.858
147,2.4512,4.324,60.000,167.745,157.855,149.359,136.283,29.230,30.536,97.219,90.402,121.755,125.096
148,2.4679,4.326,60.000,168.041,158.447,150.647,137.008,28.967,30.379,95.715,89.945,121.319,124.810
149,2.4846,4.352,60.000,168.170,158.002,151.015,136.714,29.112,30.361,94.365,90.810,120.146,125.430
150,2.5012,4.322,60.000,170.063,160.241,152.521,136.977,29.243,30.371,93.354,93.773,118.820,129.369
151,2.5179,4.362,60.000,170.005,161.005,152.436,136.395,30.134,30.824,93.949,93.452,119.577,128.639
152,2.5346,4.328,60.000,169.152,164.141,152.033,135.975,30.182,31.029,94.228,95.445,120.389,132.719
153,2.5513,4.230,60.000,164.885,168.987,152.962,136.449,30.490,31.389,90.380,92.921,114.886,130.445
154,2.5679,4.166,60.000,162.254,170.540,154.243,136.162,31.439,32.247,87.011,88.426,110.669,126.125
155,2.5846,4.097,60.000,163.608,169.464,154.343,135.456,31.659,32.072,82.715,84.529,104.866,120.430
156,2.6013,4.066,60.000,167.736,164.143,153.964,134.506,31.710,31.801,80.683,83.841,104.492,118.959
157,2.6180,3.943,60.000,169.600,158.796,156.357,135.054,31.610,31.794,76.452,85.375,101.344,121.291
158,2.6346,3.831,60.000,171.079,153.143,156.388,135.102,30.897,31.481,70.074,81.995,94.007,116.339
159,2.6513,3.664,60.000,171.051,154.504,155.426,135.537,30.995,31.691,65.118,80.200,87.663,115.072
160,2.6680,3.564,60.000,170.608,154.131,155.423,135.538,31.461,31.672,63.951,76.924,86.128,111.897
161,2.6847,3.488,60.000,170.082,162.390,154.848,137.879,32.838,32.487,85.003,68.808,110.250,104.162
162,2.7013,3.407,60.000,170.843,165.535,156.142,142.111,33.154,33.136,79.556,70.563,107.727,105.851
163,2.7180,3.414,60.000,165.018,165.511,157.197,149.000,34.541,35.371,86.105,74.575,119.194,111.172
164,2.7347,3.380,60.000,167.737,170.595,156.732,147.277,34.312,35.289,83.110,72.988,114.154,110.141
165,2.7514,3.328,60.000,169.678,169.683,154.000,142.064,34.109,34.869,82.258,70.596,112.968,105.359
166,2.7680,3.263,60.000,169.979,168.853,153.180,142.093,34.720,35.062,79.083,69.094,110.237,104.822
167,2.7847,3.355,60.000,168.896,164.711,152.617,142.915,34.515,35.191,68.487,68.870,97.675,108.903
168,2.8014,3.470,60.000,163.899,162.535,151.037,142.617,35.666,35.493,69.419,65.130,100.849,107.232
169,2.8181,3.915,60.000,156.235,154.390,149.744,142.048,35.045,34.926,65.827,63.570,96.636,104.936
170,2.8347,4.274,60.000,152.791,148.117,148.657,138.155,35.019,34.204,54.531,59.821,85.718,101.522
171,2.8514,4.687,60.000,153.065,150.827,147.884,138.279,35.634,34.075,58.164,58.382,90.987,103.913
172,2.8681,5.168,60.000,154.521,152.948,147.796,138.291,35.525,34.279,58.941,57.058,92.345,103.488
173,2.8848,5.497,60.000,153.848,153.301,146.524,138.453,36.449,34.865,52.420,49.886,87.854,97.814
174,2.9014,5.630,60.000,154.765,167.571,140.775,135.081,44.709,43.056,55.992,48.169,101.112,105.762
175,2.9181,5.651,60.000,152.067,150.924,139.953,131.622,39.782,38.616,49.262,44.584,91.939,100.733
176,2.9348,5.614,60.000,155.480,161.187,141.141,132.316,44.215,42.336,47.601,45.044,95.411,106.062
177,2.9515,5.525,60.000,159.283,162.247,144.087,133.360,47.162,45.590,42.769,44.899,94.972,110.003
178,2.9681,5.457,60.000,156.170,156.656,143.931,130.935,48.218,45.837,40.072,41.810,94.588,108.984
179,2.9848,5.341,60.000,155.489,160.319,145.647,134.780,52.232,49.593,39.787,41.657,102.146,115.215
180,3.0015,5.159,60.000,149.232,148.123,142.244,131.864,46.592,44.776,29.632,34.615,83.566,99.131
181,3.0182,4.984,60.000,153.534,154.971,142.863,132.321,47.792,45.519,31.214,36.712,91.819,109.185
182,3.0348,4.692,60.000,145.819,137.716,139.476,128.219,40.339,38.919,21.626,33.835,72.609,101.668
183,3.0515,4.467,60.000,144.404,135.338,137.020,125.729,35.068,33.861,20.061,36.366,68.344,92.141
184,3.0682,4.341,60.000,143.349,133.855,135.269,124.020,34.009,33.086,19.506,33.643,70.947,87.854
185,3.0849,4.333,60.000,142.443,134.223,134.016,123.254,34.266,33.203,18.703,31.167,71.026,86.487
186,3.1015,4.249,60.000,142.794,134.243,133.155,122.100,33.325,32.961,17.540,28.574,66.912,82.835
187,3.1182,4.135,60.000,143.924,136.400,133.452,122.376,33.747,32.943,17.450,22.192,59.444,69.395
188,3.1349,4.065,60.000,142.849,136.556,130.453,120.660,31.940,31.400,17.117,22.524,60.856,72.132
189,3.1516,4.126,60.000,144.937,138.547,131.437,120.883,31.656,31.819,17.108,22.001,60.669,71.395
190,3.1682,3.980,60.000,144.895,138.908,130.278,119.571,32.246,31.589,17.383,22.868,60.768,72.924
191,3.1849,3.913,60.000,140.053,134.907,125.467,115.530,30.929,30.599,17.106,22.305,59.230,70.702
192,3.2016,3.892,60.000,138.636,136.199,121.138,114.255,30.274,30.641,18.181,23.087,58.697,70.197
193,3.2183,3.913,60.000,139.869,140.355,118.502,113.735,31.010,30.756,20.017,24.502,60.678,73.589
194,3.2349,3.906,60.000,139.788,138.193,119.345,113.206,30.445,30.113,20.363,23.704,56.638,72.545
195,3.2516,3.882,60.000,140.973,138.699,119.910,113.563,31.665,30.511,20.324,24.458,59.881,75.817
196,3.2683,3.896,60.000,141.056,140.057,118.823,113.632,31.937,30.715,20.431,25.971,63.945,80.501
197,3.2850,3.910,60.000,139.738,140.048,117.740,113.534,32.108,30.789,20.322,26.102,64.005,80.762
198,3.3016,3.923,60.000,140.546,140.284,118.103,113.557,32.239,31.113,20.545,26.416,63.392,81.560
199,3.3183,3.934,60.000,140.262,140.492,117.441,113.374,31.954,31.116,20.550,26.294,63.305,81.258
200,3.3350,3.938,60.000,140.456,140.786,117.101,113.373,31.650,31.059,20.727,26.191,62.715,80.823
201,3.3517,3.925,60.000,139.793,140.719,115.725,113.040,30.469,30.156,20.629,25.964,60.193,79.743
202,3.3683,3.903,60.000,140.835,142.617,116.356,115.514,30.347,30.359,20.551,25.630,60.535,79.055
203,3.3850,3.904,60.000,141.612,144.586,117.179,117.348,30.595,30.858,20.576,25.987,60.316,80.120
204,3.4017,3.907,60.000,141.789,143.937,117.464,117.175,30.525,30.914,20.384,25.718,61.323,79.339
205,3.4184,3.929,60.000,141.190,143.482,117.554,117.113,30.593,31.014,20.106,25.828,61.780,79.186
206,3.4350,3.951,60.000,140.558,142.273,117.944,117.027,30.428,30.868,19.670,25.579,61.151,78.379
207,3.4517,3.956,60.000,140.861,142.306,118.143,117.048,30.570,30.957,19.706,25.654,61.486,78.706
208,3.4684,3.954,60.000,141.130,142.606,118.328,117.525,30.724,31.250,19.748,25.617,61.994,79.323
209,3.4851,3.958,60.000,142.009,142.605,118.924,117.505,30.689,31.224,19.880,25.599,61.441,79.394
210,3.5017,3.957,60.000,143.126,142.725,120.054,117.634,30.858,31.273,19.932,25.625,61.706,79.683
211,3.5184,3.966,60.000,143.336,143.135,120.087,117.612,30.864,31.263,19.954,25.773,61.556,80.096
212,3.5351,3.955,60.000,142.937,142.760,119.923,117.373,30.629,31.125,19.714,25.585,60.756,79.299
213,3.5518,3.918,60.000,143.666,143.761,119.890,117.470,30.915,31.355,20.029,26.034,61.767,80.687
214,3.5684,3.894,60.000,143.478,144.314,119.175,117.306,30.886,31.345,20.170,26.109,62.186,81.031
215,3.5851,3.884,60.000,143.085,144.509,118.575,117.157,30.848,31.368,20.167,26.323,62.484,81.464
216,3.6018,3.885,60.000,145.182,147.240,118.229,117.308,31.752,32.053,21.246,27.845,65.810,86.327
217,3.6185,3.889,60.000,144.883,147.186,118.521,117.526,32.074,32.332,21.119,27.796,65.554,86.060
218,3.6351,3.886,60.000,144.848,147.090,119.038,118.091,32.688,32.904,21.261,27.594,65.520,85.527
219,3.6518,3.839,60.000,145.039,147.186,119.489,118.351,33.315,33.474,21.503,27.866,65.731,86.774
220,3.6685,3.803,60.000,145.148,148.285,119.877,119.507,33.663,33.967,21.386,27.988,65.229,86.954
221,3.6852,3.782,60.000,145.607,148.847,120.402,120.028,33.477,33.725,21.342,27.925,64.804,86.446
222,3.7018,3.771,60.000,145.646,147.666,120.757,119.611,31.926,32.365,20.872,27.306,63.055,84.016
223,3.7185,3.756,60.000,145.341,147.606,120.566,119.438,31.660,32.056,20.735,27.241,62.862,83.715
224,3.7352,3.747,60.000,145.280,146.959,121.482,119.959,31.672,32.013,20.564,27.236,61.926,83.311
225,3.7519,3.732,60.000,145.476,147.233,121.555,120.320,31.547,32.014,20.538,27.039,62.794,82.801
226,3.7685,3.709,60.000,147.497,150.899,121.973,121.365,31.636,32.281,21.168,27.089,64.626,84.340
227,3.7852,3.676,60.000,148.842,153.718,122.769,123.178,31.876,32.783,21.367,26.778,65.732,85.021
228,3.8019,3.656,60.000,149.162,153.560,122.923,123.292,31.774,32.691,21.413,26.628,65.717,84.198
229,3.8186,3.624,60.000,148.279,151.201,122.440,122.750,30.889,31.992,21.109,26.185,63.692,81.927
230,3.8352,3.614,60.000,148.385,151.080,122.529,122.685,30.985,32.042,21.116,26.290,63.961,81.966
231,3.8519,3.606,60.000,148.477,151.724,122.323,122.471,31.034,32.101,21.297,26.530,64.642,83.403
232,3.8686,3.594,60.000,147.833,150.961,122.178,122.293,31.109,32.183,21.172,26.623,64.607,82.957
233,3.8853,3.604,60.000,146.963,152.304,120.816,122.084,33.109,34.117,21.866,27.568,68.398,86.721
234,3.9019,3.594,60.000,145.758,150.876,119.419,120.875,33.051,34.142,21.921,27.674,68.679,86.490
235,3.9186,3.581,60.000,147.277,153.476,119.826,121.468,33.306,34.106,22.368,28.099,70.628,88.214
236,3.9353,3.530,60.000,148.631,156.384,120.207,123.257,33.485,34.763,22.749,28.245,72.477,89.696
237,3.9520,3.517,60.000,148.951,155.756,120.763,123.476,33.699,34.976,22.748,28.066,73.743,87.757
238,3.9686,3.557,60.000,150.536,156.362,122.724,124.379,34.499,35.407,22.935,28.319,74.567,89.121
239,3.9853,3.691,60.000,151.959,157.389,124.071,125.300,35.695,36.635,23.713,28.592,75.697,91.848
240,4.0020,3.866,60.000,157.804,167.205,123.219,125.513,38.339,39.281,27.775,31.136,82.068,97.658
241,4.0187,3.774,60.000,157.224,161.486,122.962,124.301,37.091,38.035,27.567,31.199,81.073,102.035
242,4.0353,3.706,60.000,149.308,146.536,126.604,124.288,35.409,37.628,23.774,29.750,68.038,90.033
243,4.0520,3.723,60.000,139.903,136.029,125.577,122.735,33.002,33.984,18.556,31.854,68.167,89.715
244,4.0687,3.960,60.000,141.603,140.250,124.344,121.742,32.736,33.940,20.430,29.956,69.855,89.842
245,4.0854,4.015,60.000,141.939,139.163,127.170,122.319,33.473,33.653,19.759,28.466,68.877,87.894
246,4.1020,4.166,60.000,140.227,137.852,126.814,122.068,33.795,33.600,19.688,29.785,69.543,89.588
247,4.1187,4.227,60.000,140.310,136.992,130.506,123.626,38.174,37.149,21.424,31.838,73.321,93.233
248,4.1354,4.316,60.000,148.080,151.440,136.110,128.166,45.100,43.169,29.120,35.068,93.403,107.938
249,4.1521,4.457,60.000,148.970,153.939,135.866,126.924,44.498,42.087,31.844,36.280,93.782,104.336
250,4.1687,4.698,60.000,148.344,152.018,136.940,127.660,45.208,43.008,33.457,38.493,90.540,103.638
251,4.1854,4.778,60.000,156.911,166.150,140.570,132.081,47.449,45.024,39.866,41.862,99.554,111.771
252,4.2021,4.855,60.000,161.831,174.851,142.486,137.273,48.535,45.349,44.880,46.309,100.131,110.796
253,4.2188,4.861,60.000,162.943,171.937,144.842,139.683,51.424,48.692,49.317,49.878,103.546,111.621
254,4.2354,4.977,60.000,152.310,159.901,140.429,135.394,45.321,43.105,47.912,47.680,93.492,106.052
255,4.2521,5.003,60.000,146.796,150.849,136.976,130.792,43.950,41.724,51.754,52.581,95.660,107.713
256,4.2688,5.043,60.000,140.947,139.321,134.881,128.286,38.282,37.885,47.674,57.138,85.836,103.933
257,4.2855,5.045,60.000,141.107,138.471,136.933,129.496,36.129,35.112,50.737,60.833,87.053,105.906
258,4.3021,5.017,60.000,143.589,145.398,137.820,132.591,37.153,36.120,57.794,60.772,92.622,106.953
259,4.3188,4.982,60.000,147.232,149.447,139.055,134.975,36.567,35.938,62.881,61.113,94.836,106.054
260,4.3355,4.857,60.000,151.572,152.235,144.353,138.359,33.920,33.569,68.607,62.836,97.998,101.715
261,4.3522,4.849,60.000,157.382,157.335,148.841,141.840,32.673,32.489,79.314,64.020,106.623,101.675
262,4.3688,4.717,60.000,161.004,161.349,151.462,143.172,33.010,32.941,81.498,72.001,106.233,113.779
263,4.3855,4.662,60.000,162.740,162.377,152.570,144.755,33.288,33.383,86.957,72.266,114.408,113.621
264,4.4022,4.467,60.000,165.779,166.031,154.356,147.312,33.466,33.877,94.471,77.073,122.241,118.993
265,4.4189,4.406,60.000,166.263,163.258,154.879,146.196,33.022,33.385,94.470,83.551,121.329,126.835
266,4.4355,4.398,60.000,165.562,162.684,155.021,146.423,34.382,34.331,89.465,82.382,117.190,122.334
267,4.4522,4.486,60.000,165.566,161.491,153.579,144.455,32.925,33.109,81.252,84.295,109.184,121.977
268,4.4689,4.521,60.000,167.265,164.640,153.296,143.875,33.227,33.411,88.556,92.126,116.275,131.649
269,4.4856,4.447,60.000,166.209,169.743,152.620,144.373,33.659,34.095,90.946,95.603,120.466,136.934
270,4.5022,4.394,60.000,166.524,167.343,149.737,144.107,32.952,33.917,86.621,96.149,108.587,133.713
271,4.5189,4.379,60.000,161.501,165.506,138.495,137.296,31.587,33.061,94.249,93.871,118.877,127.148
272,4.5356,4.489,60.000,154.065,157.672,129.559,128.253,31.485,33.181,96.563,92.020,120.973,123.386
273,4.5523,4.684,60.000,155.159,154.841,130.846,126.454,31.245,32.854,101.980,87.820,126.745,117.645
274,4.5689,4.783,60.000,154.901,154.877,132.682,127.261,31.358,32.917,103.776,89.815,128.029,122.800
275,4.5856,4.754,60.000,151.714,150.224,131.224,126.694,31.085,32.870,102.090,89.902,124.732,121.591
276,4.6023,4.759,60.000,143.253,143.425,124.487,121.323,30.290,32.158,101.872,87.574,124.293,117.908
277,4.6190,4.862,60.000,137.791,143.385,117.727,120.528,29.797,31.983,102.904,84.654,124.553,113.797
278,4.6356,4.849,60.000,135.559,140.458,115.623,117.158,30.204,31.898,104.102,85.302,124.696,113.392
279,4.6523,4.800,60.000,136.842,136.892,117.483,114.205,31.145,32.573,105.193,86.880,125.241,112.912
280,4.6690,4.819,60.000,134.223,134.403,116.568,113.801,31.894,33.244,108.648,87.722,130.302,114.275
281,4.6857,4.922,60.000,132.872,132.140,115.281,110.554,32.187,33.629,110.311,87.761,131.116,114.021
282,4.7023,4.819,60.000,133.577,135.148,114.101,111.476,32.349,33.734,113.292,91.923,134.737,117.928
283,4.7190,4.686,60.000,136.361,137.789,113.998,111.655,31.733,33.291,114.206,93.994,136.432,119.737
284,4.7357,4.647,60.000,138.619,141.438,114.556,112.511,31.277,33.522,115.540,92.616,137.385,117.691
285,4.7524,4.599,60.000,137.752,141.064,113.575,112.901,31.062,33.203,115.613,94.942,136.673,119.189
286,4.7690,4.584,60.000,133.604,139.362,109.182,112.639,30.243,32.456,115.893,96.843,137.154,121.272
287,4.7857,4.571,60.000,130.214,140.165,104.322,112.310,29.687,31.939,116.305,97.486,137.102,121.698
288,4.8024,4.673,60.000,125.898,140.385,98.879,111.294,29.453,32.011,116.023,97.041,136.047,119.813
289,4.8191,4.658,60.000,124.218,139.758,96.590,109.038,30.301,32.891,116.063,96.709,135.657,117.833
290,4.8357,4.644,60.000,126.204,138.831,99.131,108.840,30.593,33.033,116.005,96.958,135.366,118.715
291,4.8524,4.612,60.000,125.746,134.967,99.944,109.100,30.591,33.216,116.276,98.874,136.083,121.754
292,4.8691,4.598,60.000,125.693,134.334,100.305,109.276,30.584,33.378,116.149,98.458,136.009,121.639
293,4.8858,4.562,60.000,128.983,132.349,105.741,109.103,32.185,34.792,116.026,97.875,135.817,120.754
294,4.9024,4.484,60.000,131.105,133.756,106.774,107.946,33.065,35.257,115.691,97.790,134.825,119.239
295,4.9191,4.457,60.000,130.200,133.339,106.434,107.489,33.500,35.343,115.414,97.564,134.423,118.835
296,4.9358,4.393,60.000,130.187,133.718,106.121,107.551,33.043,34.989,115.337,97.622,134.377,119.003
297,4.9525,4.408,60.000,129.023,131.060,107.955,107.463,33.332,34.761,114.209,96.806,133.553,119.522
298,4.9691,4.401,60.000,128.840,131.222,107.803,107.797,33.056,34.687,114.105,96.743,133.425,119.596
299,4.9858,4.407,60.000,129.483,131.369,108.095,107.508,32.601,34.239,113.946,96.834,133.188,119.861
300,5.0025,4.408,60.000,129.391,131.159,108.006,107.426,32.496,34.180,113.935,97.114,133.163,120.226
301,5.0192,4.404,60.000,129.171,131.171,108.570,107.658,32.717,34.156,113.579,96.613,132.746,119.537
302,5.0358,4.420,60.000,129.348,130.438,109.837,107.648,33.530,34.520,113.530,96.587,132.745,119.535
303,5.0525,4.418,60.000,128.915,129.294,109.690,107.156,33.613,34.475,113.411,97.377,132.721,120.849
304,5.0692,4.435,60.000,127.296,126.815,108.304,105.588,33.525,34.195,112.924,98.570,132.274,122.315
305,5.0858,4.482,60.000,127.802,127.568,108.742,105.820,33.378,34.143,112.974,98.007,132.342,121.571
306,5.1025,4.502,60.000,129.571,127.727,110.368,105.508,33.458,34.029,112.567,97.723,131.559,121.104
307,5.1192,4.452,60.000,130.532,128.475,110.102,104.479,34.695,34.972,112.621,98.881,130.735,121.527
308,5.1359,4.444,60.000,131.359,130.010,109.442,103.421,34.428,34.603,113.032,98.707,131.063,120.616
309,5.1525,4.457,60.000,130.731,128.012,108.885,103.423,33.327,33.968,111.749,98.784,129.435,121.584
310,5.1692,4.469,60.000,131.155,125.556,111.624,104.287,32.289,32.945,109.720,98.597,127.846,122.456
311,5.1859,4.466,60.000,131.665,125.788,113.552,105.017,32.467,32.854,109.609,97.579,128.191,121.595
312,5.2026,4.444,60.000,131.088,126.413,112.999,105.185,32.552,32.919,109.227,97.831,127.707,122.205
313,5.2192,4.398,60.000,131.058,129.360,112.093,107.284,32.043,32.552,109.769,98.373,128.449,123.933
314,5.2359,4.386,60.000,131.286,131.884,111.198,108.633,30.796,31.682,110.089,97.827,128.960,122.611
315,5.2526,4.350,60.000,131.912,131.934,112.054,108.931,31.170,32.095,110.295,97.823,129.192,122.473
316,5.2693,4.419,60.000,131.793,132.058,111.614,108.851,30.894,31.899,110.372,97.425,129.160,121.769
317,5.2859,4.446,60.000,131.672,131.868,111.789,108.966,31.093,32.091,110.215,97.174,128.976,121.078
318,5.3026,4.465,60.000,131.267,131.030,111.836,108.988,31.050,32.104,109.757,96.539,128.378,120.175
319,5.3193,4.464,60.000,129.091,131.110,109.283,109.014,30.826,32.181,109.871,96.641,128.537,120.214
320,5.3360,4.466,60.000,129.591,131.611,109.493,109.042,30.884,32.176,110.242,96.800,128.937,120.449
321,5.3526,4.466,60.000,128.846,132.701,107.397,108.761,30.617,32.170,111.021,96.927,129.515,120.261
322,5.3693,4.487,60.000,127.891,132.594,106.569,108.719,30.367,31.815,111.128,96.913,129.800,120.350
323,5.3860,4.499,60.000,127.307,132.090,106.349,108.815,30.338,31.894,111.082,96.513,129.823,120.076
324,5.4027,4.536,60.000,127.109,131.828,106.413,108.813,30.328,31.969,110.944,96.171,129.593,119.722
325,5.4193,4.577,60.000,127.521,131.557,107.081,108.917,30.436,31.975,110.672,96.164,129.266,119.749
326,5.4360,4.603,60.000,127.967,130.692,108.473,109.248,30.760,32.186,110.235,96.074,128.945,119.718
327,5.4527,4.658,60.000,128.067,130.905,108.902,109.450,31.109,32.423,110.358,96.159,129.069,119.672
328,5.4694,4.683,60.000,129.109,131.206,110.200,109.765,31.247,32.435,110.279,96.088,129.033,119.694
329,5.4860,4.670,60.000,129.786,131.508,110.426,109.395,31.473,32.808,110.487,95.785,129.239,119.219
330,5.5027,4.639,60.000,131.274,133.263,110.562,108.999,31.614,33.027,111.558,96.016,130.211,118.734
331,5.5194,4.629,60.000,129.497,132.861,108.936,108.688,31.347,33.030,111.283,96.613,129.932,119.732
332,5.5361,4.631,60.000,129.518,132.484,108.816,108.349,31.664,33.379,111.675,96.325,130.388,119.120
333,5.5527,4.613,60.000,127.265,131.271,107.075,107.637,31.884,33.640,111.461,96.646,130.229,119.691
334,5.5694,4.605,60.000,126.951,130.486,107.212,107.368,32.358,33.910,111.442,96.057,130.222,119.153
335,5.5861,4.590,60.000,126.972,129.476,107.601,106.788,32.702,34.207,111.399,95.697,130.165,118.928
336,5.6028,4.582,60.000,127.080,129.639,107.467,106.588,32.535,33.983,111.470,95.542,130.234,119.019
337,5.6194,4.580,60.000,127.368,130.942,107.627,107.646,32.483,33.814,111.866,95.541,130.835,118.963
338,5.6361,4.594,60.000,129.376,132.203,109.134,108.543,32.051,33.379,111.888,96.652,130.885,119.955
339,5.6528,4.580,60.000,130.574,132.329,110.455,108.726,32.230,33.395,111.897,97.613,131.047,120.879
340,5.6695,4.574,60.000,130.574,132.129,110.767,109.016,32.689,33.861,111.859,97.532,131.117,120.863
341,5.6861,4.571,60.000,130.707,132.306,110.928,109.249,32.720,33.885,111.866,97.824,131.136,121.467
342,5.7028,4.572,60.000,130.652,132.450,110.800,109.329,32.747,33.866,112.082,97.855,131.471,121.500
343,5.7195,4.577,60.000,129.835,132.405,109.949,109.327,32.654,33.872,112.207,97.799,131.664,121.465
344,5.7362,4.578,60.000,129.547,132.093,109.852,109.404,32.595,33.768,112.016,97.798,131.529,121.572
345,5.7528,4.581,60.000,128.022,131.912,108.611,109.524,32.636,33.878,112.448,97.606,132.202,121.428
346,5.7695,4.579,60.000,127.074,131.857,107.449,109.489,32.445,33.852,112.601,98.182,132.385,122.139
347,5.7862,4.579,60.000,126.680,131.459,107.330,109.717,32.434,33.756,112.518,98.461,132.407,122.736
348,5.8029,4.579,60.000,126.163,130.901,106.844,109.381,32.347,33.723,112.537,98.307,132.514,122.610
349,5.8195,4.581,60.000,126.455,130.672,106.782,109.282,31.351,32.905,112.317,98.327,132.356,122.809
350,5.8362,4.594,60.000,128.644,130.885,109.343,109.621,31.593,32.976,112.329,98.208,132.347,122.763
351,5.8529,4.596,60.000,129.092,130.968,109.407,109.626,31.665,33.056,112.240,98.122,132.016,122.589
352,5.8696,4.605,60.000,129.229,133.120,108.503,109.384,31.825,33.300,113.205,98.483,133.081,122.902
353,5.8862,4.675,60.000,127.520,133.486,106.287,109.178,31.501,33.300,113.343,97.859,133.175,122.077
354,5.9029,4.686,60.000,128.506,134.282,106.432,109.048,31.221,33.022,113.680,97.990,133.501,122.233
355,5.9196,4.702,60.000,129.434,135.684,106.678,109.815,30.568,32.304,113.707,97.902,133.514,122.121
356,5.9363,4.752,60.000,128.551,135.668,105.659,109.462,30.442,32.199,114.145,96.752,134.059,120.733
357,5.9529,4.765,60.000,128.379,135.983,105.757,109.713,30.502,32.128,113.890,96.887,133.729,120.903
358,5.9696,4.755,60.000,130.062,138.347,105.842,110.512,30.468,32.135,114.021,98.706,133.366,122.817
359,5.9863,4.732,60.000,131.368,140.180,105.947,111.001,30.505,32.267,114.235,99.021,133.209,123.040
360,6.0030,4.727,60.000,131.167,141.598,105.501,111.631,30.441,32.360,114.354,97.879,133.442,121.048
361,6.0196,4.715,60.000,128.111,139.849,104.520,112.517,29.885,31.783,113.670,95.781,132.950,119.538
362,6.0363,4.709,60.000,125.393,136.781,103.595,112.660,29.735,31.730,111.733,95.731,131.243,120.804
363,6.0530,4.706,60.000,125.536,137.145,103.778,112.580,29.409,31.326,111.323,93.879,130.985,119.812
364,6.0697,4.740,60.000,124.208,137.944,102.291,112.251,29.681,31.530,111.428,92.856,131.219,117.870
365,6.0863,4.787,60.000,125.463,139.335,102.831,111.338,29.818,31.963,112.107,91.899,131.979,115.550
366,6.1030,4.793,60.000,123.668,136.494,103.120,111.345,29.846,32.010,112.167,89.729,132.791,114.244
367,6.1197,4.830,60.000,128.606,136.747,107.918,111.490,29.901,31.940,110.178,90.029,129.799,114.862
368,6.1364,4.803,60.000,132.122,134.817,111.716,113.323,29.826,31.806,109.181,90.825,129.237,116.570
369,6.1530,4.768,60.000,132.625,136.182,111.692,113.913,29.863,31.753,104.128,90.869,122.927,118.248
370,6.1697,4.780,60.000,132.544,137.622,112.476,117.911,29.403,31.345,101.183,91.059,120.712,119.812
371,6.1864,4.835,60.000,135.411,138.332,115.369,117.771,29.705,31.489,100.811,90.815,121.339,120.179
372,6.2031,4.908,60.000,136.824,138.776,117.098,117.575,30.045,31.482,99.096,89.841,120.531,119.929
373,6.2197,4.993,60.000,144.624,139.257,125.830,117.728,30.813,31.584,98.124,88.872,120.383,119.788
374,6.2364,5.061,60.000,144.963,139.667,128.177,120.689,30.862,31.764,93.461,89.870,116.591,122.073
375,6.2531,5.051,60.000,148.519,144.519,128.455,120.618,31.146,31.944,93.663,88.729,116.148,119.474
376,6.2698,5.046,60.000,151.283,144.846,131.564,121.712,31.598,31.915,90.541,93.828,113.029,125.751
377,6.2864,4.983,60.000,153.289,144.749,131.094,121.104,32.206,33.039,89.754,94.522,112.335,128.024
378,6.3031,4.973,60.000,152.417,144.557,131.642,121.544,32.635,33.396,88.327,92.881,112.716,126.996
379,6.3198,4.900,60.000,165.308,154.034,142.095,125.146,34.764,34.239,85.198,89.974,108.170,125.618
380,6.3365,4.778,60.000,166.017,151.285,144.330,125.415,34.417,34.142,89.119,85.855,117.584,119.795
381,6.3531,4.766,60.000,168.006,152.515,151.190,131.299,33.736,33.205,85.866,83.297,114.556,119.146
382,6.3698,4.582,60.000,167.818,161.933,149.499,133.658,33.892,33.469,77.368,76.294,100.009,108.441
383,6.3865,4.555,60.000,167.073,165.675,146.335,133.575,33.429,34.424,80.976,76.416,106.125,110.308
384,6.4032,4.438,60.000,165.144,165.912,145.584,134.730,33.587,34.452,90.417,78.943,120.197,117.777
385,6.4198,4.411,60.000,162.971,165.868,146.028,134.920,33.637,34.019,83.849,77.927,112.552,116.966
386,6.4365,4.431,60.000,163.356,164.166,146.541,134.567,33.933,33.980,71.028,74.696,100.060,111.752
387,6.4532,4.446,60.000,162.284,162.122,146.288,135.442,35.557,34.908,61.746,71.909,91.387,109.947
388,6.4699,4.586,60.000,155.611,152.369,144.041,135.274,34.038,33.119,61.947,70.914,91.362,108.368
389,6.4865,5.016,60.000,150.122,147.776,143.583,135.289,34.827,33.963,56.178,64.210,87.271,103.750
390,6.5032,5.472,60.000,145.061,140.945,142.078,131.691,36.243,34.505,48.737,59.150,80.877,101.485
391,6.5199,5.711,60.000,136.929,137.059,135.567,128.412,40.000,37.708,41.315,49.329,76.033,95.068
392,6.5366,5.814,60.000,138.071,143.873,131.686,126.109,44.858,42.100,44.505,49.292,85.750,103.043
393,6.5532,5.831,60.000,146.794,156.949,135.639,127.291,49.474,45.521,49.501,49.339,98.007,110.421
394,6.5699,5.889,60.000,141.886,148.468,131.234,123.073,45.322,41.654,44.241,46.866,89.222,102.569
395,6.5866,5.908,60.000,146.618,155.987,136.235,126.509,50.038,46.256,43.943,45.262,98.392,109.354
396,6.6033,5.821,60.000,148.580,157.500,137.831,127.963,50.724,46.745,38.713,41.736,97.200,110.423
397,6.6199,5.653,60.000,138.255,139.202,137.086,124.991,49.831,43.869,26.286,32.690,66.845,90.880
398,6.6366,5.202,60.000,139.179,136.970,134.052,123.274,41.289,37.984,24.183,31.455,68.967,93.381
399,6.6533,4.924,60.000,138.677,134.580,133.129,122.780,40.091,37.520,23.019,29.879,66.421,91.366
400,6.6700,4.731,60.000,135.712,130.847,128.839,119.989,34.668,33.379,20.177,28.639,63.619,79.802
401,6.6866,4.761,60.000,137.610,132.167,131.202,120.467,35.477,33.726,20.095,26.705,62.936,77.939
402,6.7033,4.868,60.000,137.497,131.432,130.011,119.707,34.262,32.746,19.367,26.430,64.344,78.310
403,6.7200,4.873,60.000,135.353,130.515,125.624,117.770,32.466,31.524,18.981,28.021,64.216,81.615
404,6.7367,4.978,60.000,140.562,137.528,124.764,117.303,31.045,30.210,20.493,22.933,57.535,71.241
405,6.7533,4.894,60.000,140.576,141.505,123.310,117.076,31.591,30.634,20.947,23.207,57.363,67.515
406,6.7700,4.865,60.000,138.079,139.650,119.729,115.478,30.465,30.003,19.868,22.661,59.099,67.886
407,6.7867,4.890,60.000,134.974,138.187,118.649,115.032,30.742,30.470,18.922,23.081,56.588,71.063
408,6.8034,4.667,60.000,135.129,137.163,119.021,115.192,31.104,30.811,18.838,23.136,57.627,71.959
409,6.8200,4.644,60.000,137.004,138.785,120.045,117.321,31.259,31.453,19.201,23.336,59.038,73.679
410,6.8367,4.620,60.000,136.560,139.466,118.906,118.006,30.896,31.403,19.154,23.126,58.738,72.921
411,6.8534,4.626,60.000,137.750,140.015,118.829,118.424,31.004,31.815,19.651,23.783,61.377,75.454
412,6.8701,4.641,60.000,137.755,140.356,117.948,118.407,30.975,31.900,19.861,24.328,61.378,76.802
413,6.8867,4.616,60.000,137.516,139.189,116.976,117.376,29.757,30.912,19.569,24.679,59.999,76.179
414,6.9034,4.568,60.000,137.621,138.918,117.458,117.283,30.087,31.087,19.433,24.700,60.143,76.312
415,6.9201,4.526,60.000,137.998,139.098,118.065,117.594,30.286,31.243,19.356,24.863,60.351,77.003
416,6.9368,4.471,60.000,139.360,140.221,119.335,118.525,30.697,31.581,19.495,25.356,61.096,78.700
417,6.9534,4.425,60.000,139.935,140.919,119.438,118.504,30.617,31.590,19.647,25.213,61.079,78.195
418,6.9701,4.355,60.000,140.507,140.870,121.088,119.195,31.547,32.314,19.588,25.309,60.809,78.513
419,6.9868,4.270,60.000,140.104,139.502,122.113,119.246,31.699,32.282,19.062,24.700,59.796,77.038
420,7.0035,4.223,60.000,139.370,138.829,122.072,119.090,31.659,32.200,18.738,24.617,59.440,76.439
421,7.0201,4.172,60.000,139.445,138.711,122.334,119.147,31.779,32.247,18.727,24.575,59.655,76.392
422,7.0368,4.030,60.000,139.118,138.380,122.828,119.475,31.889,32.355,18.427,24.889,60.692,77.390
423,7.0535,3.928,60.000,139.260,138.413,123.024,119.494,32.122,32.359,18.384,24.934,60.642,77.316
424,7.0702,3.854,60.000,139.753,139.052,123.136,119.549,32.189,32.403,18.511,25.479,61.125,78.281
425,7.0868,3.775,60.000,142.692,144.385,123.000,121.310,32.456,32.871,19.567,25.497,62.854,81.105
426,7.1035,3.739,60.000,143.590,145.902,122.833,121.732,32.528,32.951,19.961,25.507,63.158,81.483
427,7.1202,3.713,60.000,144.661,149.387,123.165,124.590,32.938,33.587,20.283,25.398,64.456,82.892
428,7.1369,3.717,60.000,145.113,148.939,123.926,124.465,32.767,33.260,20.054,25.633,63.366,83.718
429,7.1535,3.707,60.000,145.287,146.942,124.836,124.562,32.793,33.120,19.826,26.450,62.672,83.297
430,7.1702,3.735,60.000,145.124,146.092,125.105,123.969,32.862,32.967,19.833,26.334,61.918,81.969
431,7.1869,3.761,60.000,144.477,145.972,124.265,123.638,32.365,32.572,19.819,26.307,61.114,81.255
432,7.2036,3.786,60.000,143.543,145.248,122.889,122.623,31.729,32.047,19.799,26.213,61.215,80.729
433,7.2202,3.847,60.000,142.193,144.283,122.370,122.238,31.771,32.023,19.547,25.840,60.782,79.755
434,7.2369,3.878,60.000,141.988,143.592,122.475,121.611,32.130,32.156,19.625,25.908,60.856,79.823
435,7.2536,3.879,60.000,142.132,145.123,122.694,123.198,32.365,32.557,19.580,25.884,61.495,80.628
436,7.2703,3.912,60.000,143.467,146.267,124.624,125.087,32.701,32.815,19.529,25.731,62.535,80.950
437,7.2869,3.955,60.000,143.222,145.785,124.930,125.577,32.960,32.956,19.393,26.448,63.206,84.061
438,7.3036,4.048,60.000,143.864,146.534,125.179,125.589,33.461,33.468,19.762,26.777,63.668,85.175
439,7.3203,4.140,60.000,146.550,148.664,126.339,125.723,33.278,33.313,20.484,25.818,63.607,82.977
440,7.3370,4.239,60.000,147.480,149.035,127.012,125.470,32.102,32.068,20.398,24.126,62.813,76.411
441,7.3536,4.306,60.000,144.773,143.569,126.652,123.167,31.641,31.589,19.538,23.212,60.514,73.867
442,7.3703,4.522,60.000,147.005,144.069,130.014,123.742,32.273,31.969,19.352,23.590,60.736,74.341
443,7.3870,4.651,60.000,142.626,139.514,129.448,123.375,32.434,31.928,17.598,25.719,63.504,79.197
444,7.4037,4.750,60.000,147.835,143.732,133.684,125.930,32.964,32.171,18.076,27.103,67.287,83.146
445,7.4203,4.968,60.000,145.715,142.313,130.810,123.757,32.886,32.031,18.607,27.468,69.246,83.975
446,7.4370,5.076,60.000,143.678,139.815,129.684,122.443,32.889,31.874,18.598,26.921,65.901,82.008
447,7.4537,5.076,60.000,138.550,134.663,128.518,122.206,32.938,32.022,18.058,30.578,69.016,88.893
448,7.4704,5.208,60.000,136.366,133.919,127.794,122.289,32.826,31.686,20.625,31.985,67.506,88.927
449,7.4870,5.306,60.000,141.923,139.666,136.138,127.403,37.117,34.791,20.074,41.011,65.926,118.621
450,7.5037,5.356,60.000,145.207,142.880,137.467,127.689,36.819,34.513,24.215,37.604,71.031,100.242
451,7.5204,5.586,60.000,148.665,150.028,139.810,129.717,40.349,37.249,32.487,36.598,82.718,97.603
452,7.5371,5.754,60.000,147.683,150.508,140.036,130.521,42.971,39.579,37.049,39.478,86.799,99.453
453,7.5537,5.801,60.000,154.021,164.031,145.809,134.553,53.825,48.651,46.669,45.296,106.196,115.868
454,7.5704,5.848,60.000,153.572,162.919,141.150,130.625,48.660,44.508,47.493,47.226,99.414,112.386
455,7.5871,5.878,60.000,148.770,159.383,138.724,134.551,41.751,39.132,49.006,54.437,93.263,114.761
456,7.6038,5.862,60.000,147.826,149.563,140.334,137.315,34.485,33.385,45.843,60.362,82.591,109.401
457,7.6204,5.879,60.000,149.459,152.323,141.261,138.379,36.208,35.239,48.468,57.803,84.266,106.194
458,7.6371,5.883,60.000,151.375,153.778,146.980,144.971,35.258,34.846,51.414,59.103,87.072,107.015
459,7.6538,5.730,60.000,155.948,157.733,149.698,146.390,34.482,34.279,57.504,60.978,88.588,103.769
460,7.6705,5.575,60.000,158.054,159.776,148.341,145.910,31.583,32.051,71.177,67.311,97.334,109.784
461,7.6871,5.333,60.000,163.105,161.912,154.264,147.823,30.071,30.513,79.837,65.183,106.049,101.737
462,7.7038,5.136,60.000,166.070,166.605,156.269,149.072,30.575,31.091,88.286,72.893,112.011,111.078
463,7.7205,4.934,60.000,170.049,166.831,160.000,153.052,30.577,31.120,94.093,82.319,119.188,122.672
464,7.7372,4.862,60.000,168.254,172.975,159.559,150.381,32.374,32.339,107.535,86.959,139.771,130.886
465,7.7538,5.029,60.000,169.221,170.006,158.435,148.974,32.295,32.323,96.877,90.000,123.538,132.168
466,7.7705,5.320,60.000,167.492,168.012,151.866,146.378,31.059,31.979,90.594,92.998,117.276,132.445
467,7.7872,5.406,60.000,164.946,172.100,146.293,140.072,31.096,31.784,91.641,93.427,116.700,134.282
468,7.8039,5.602,60.000,164.732,165.504,139.633,136.384,29.380,30.192,88.664,87.235,107.545,117.899
469,7.8205,5.681,60.000,162.932,161.890,138.706,132.031,28.731,29.656,92.515,87.784,114.411,119.419
470,7.8372,5.607,60.000,163.549,161.466,139.489,132.547,27.560,28.983,93.824,88.781,113.832,122.027
471,7.8539,5.524,60.000,155.180,157.816,132.639,131.288,26.198,27.746,95.590,85.378,117.730,116.813
472,7.8706,5.550,60.000,150.556,158.007,125.843,129.624,25.474,27.348,98.457,78.246,118.650,110.375
473,7.8872,5.576,60.000,147.869,156.386,124.197,129.700,25.661,27.875,101.194,79.666,121.787,110.559
474,7.9039,5.489,60.000,139.754,150.975,117.366,126.377,27.499,29.488,102.063,81.479,120.975,110.763
475,7.9206,5.393,60.000,137.767,149.912,114.666,125.047,27.661,29.748,103.614,85.749,123.472,113.600
476,7.9373,5.374,60.000,139.508,145.991,117.417,121.568,29.366,31.014,105.704,88.702,125.299,115.507
477,7.9539,5.370,60.000,141.208,145.490,116.444,117.625,30.303,32.001,111.307,92.265,131.978,117.398
478,7.9706,5.272,60.000,145.260,144.643,120.149,117.877,31.408,32.840,112.663,94.500,133.185,120.324
479,7.9873,5.238,60.000,142.400,142.361,120.136,118.970,30.349,31.803,113.885,94.316,135.219,119.578
480,8.0040,5.024,60.000,141.457,141.087,119.369,119.192,30.467,31.832,112.978,95.649,132.904,119.969
481,8.0206,4.853,60.000,147.244,146.558,120.131,120.336,31.042,32.139,111.811,100.248,130.933,123.046
482,8.0373,4.617,60.000,149.441,149.504,122.539,123.742,30.874,32.350,109.251,102.059,128.399,126.306
483,8.0540,4.427,60.000,156.182,158.239,126.631,128.182,31.781,33.208,112.694,104.592,130.991,129.408
484,8.0707,4.222,60.000,155.744,157.463,127.542,129.049,32.581,33.013,111.275,107.110,129.297,131.781
485,8.0873,4.162,60.000,156.543,159.156,127.794,130.196,32.865,33.016,112.258,106.643,130.090,130.755
486,8.1040,4.118,60.000,158.944,161.640,128.855,130.853,34.062,33.664,114.533,107.876,133.107,132.128
487,8.1207,3.954,60.000,159.363,162.049,129.320,132.844,33.412,33.915,112.920,108.217,131.253,131.936
488,8.1374,3.913,60.000,158.328,159.941,128.209,133.578,32.359,32.568,112.254,110.128,129.326,135.164
489,8.1540,3.896,60.000,157.685,159.931,127.632,133.085,31.615,32.183,111.286,109.117,126.578,134.192
490,8.1707,3.904,60.000,160.185,164.576,127.478,132.180,31.617,32.277,114.793,106.702,132.308,129.955
491,8.1874,3.905,60.000,159.260,165.677,126.000,132.705,30.359,31.095,115.931,106.451,134.155,129.514
492,8.2041,3.887,60.000,158.981,164.953,125.083,133.364,29.600,30.452,115.567,106.906,134.370,130.947
493,8.2207,3.930,60.000,155.529,162.018,124.835,133.614,29.280,30.621,111.443,105.027,128.784,129.844
494,8.2374,3.944,60.000,152.795,160.641,124.663,133.322,29.650,30.656,110.664,102.664,128.845,126.907
495,8.2541,3.979,60.000,151.656,160.602,122.677,132.337,29.097,30.053,110.810,98.335,129.204,122.476
496,8.2708,3.953,60.000,153.572,164.877,122.291,132.417,28.631,29.736,112.102,98.177,130.121,119.329
497,8.2874,3.910,60.000,153.448,164.155,122.440,132.713,28.826,29.931,111.679,98.785,129.590,120.219
498,8.3041,3.866,60.000,153.954,162.699,123.970,132.942,28.238,29.267,110.091,97.657,128.185,121.349
499,8.3208,3.833,60.000,153.357,162.047,123.850,133.101,28.530,29.565,109.764,97.590,128.134,121.510
500,8.3375,3.811,60.000,153.042,162.175,123.433,133.328,28.597,29.772,109.063,97.965,127.494,121.724
501,8.3541,3.789,60.000,155.225,164.248,124.156,133.499,28.701,29.900,110.563,100.427,128.845,123.491
502,8.3708,3.756,60.000,155.603,164.553,124.031,133.645,28.586,29.957,109.347,100.657,127.307,123.539
503,8.3875,3.715,60.000,155.741,165.102,124.210,133.918,28.649,30.156,109.934,99.358,127.731,121.592
504,8.4042,3.682,60.000,155.345,165.857,124.847,134.913,28.511,29.998,110.111,99.012,128.420,121.067
505,8.4208,3.699,60.000,155.782,166.162,125.307,135.222,28.524,30.138,110.509,98.535,129.252,120.820
506,8.4375,3.732,60.000,155.729,166.334,125.698,135.938,28.566,30.274,109.956,98.264,128.832,120.838
507,8.4542,3.743,60.000,153.473,164.441,124.650,135.907,29.593,31.469,109.406,97.657,128.163,119.752
508,8.4709,3.773,60.000,149.786,163.264,120.599,135.059,29.510,31.685,109.436,97.622,128.351,119.535
509,8.4875,3.764,60.000,148.405,162.427,118.849,134.388,29.166,31.271,109.068,98.054,127.872,120.333
510,8.5042,3.753,60.000,145.616,159.626,118.018,133.708,28.198,30.247,107.401,95.470,126.595,118.579
511,8.5209,3.747,60.000,145.559,158.982,117.680,133.521,27.723,29.965,107.156,95.365,126.413,118.621
512,8.5376,3.733,60.000,146.034,158.968,117.882,133.197,27.706,29.865,106.128,95.648,125.112,118.946
513,8.5542,3.726,60.000,145.137,157.746,117.432,132.355,28.382,30.282,106.532,96.003,125.633,119.262
514,8.5709,3.727,60.000,147.298,158.272,119.611,132.738,28.428,30.212,106.564,96.746,125.749,119.943
515,8.5876,3.723,60.000,147.794,158.504,119.896,132.749,28.403,30.106,106.925,96.977,125.702,120.255
516,8.6043,3.686,60.000,154.314,161.507,124.531,133.788,28.671,29.982,107.346,99.130,125.212,122.144
517,8.6209,3.650,60.000,154.577,162.819,124.368,134.484,28.289,29.663,107.403,98.220,125.172,120.759
518,8.6376,3.594,60.000,155.516,164.189,124.163,134.342,28.124,29.630,107.199,98.494,124.153,120.801
519,8.6543,3.522,60.000,155.669,163.690,124.539,134.575,28.271,29.775,107.434,99.088,124.717,122.037
520,8.6710,3.436,60.000,156.129,162.552,127.775,136.471,28.140,29.506,104.901,98.058,122.236,122.037
521,8.6876,3.364,60.000,155.983,162.228,129.910,138.387,27.656,29.090,104.717,97.393,122.827,122.042
522,8.7043,3.276,60.000,154.297,161.221,129.577,138.348,27.818,29.287,105.860,96.065,124.722,120.791
523,8.7210,3.250,60.000,150.033,160.211,126.403,138.681,28.078,29.720,105.911,96.483,125.649,121.515
524,8.7377,3.231,60.000,150.650,160.672,127.119,139.028,28.733,30.216,105.722,97.532,125.367,122.408
525,8.7543,3.220,60.000,148.988,160.550,125.135,138.725,28.565,30.366,105.194,96.946,124.766,121.003
526,8.7710,3.244,60.000,146.424,161.862,121.245,137.407,28.418,30.484,106.907,96.350,126.547,119.599
527,8.7877,3.290,60.000,149.164,164.053,121.432,137.153,28.476,30.696,109.605,98.600,129.195,121.977
528,8.8044,3.336,60.000,150.280,164.315,123.645,137.737,30.218,32.285,110.896,99.474,130.772,123.631
529,8.8210,3.455,60.000,150.011,164.291,122.507,136.802,29.506,31.680,111.011,98.691,130.936,122.986
530,8.8377,3.504,60.000,150.397,165.849,120.965,135.982,28.995,31.271,111.773,98.771,131.750,123.423
531,8.8544,3.507,60.000,151.539,166.539,121.512,135.976,28.211,30.383,111.493,99.170,131.329,124.212
532,8.8711,3.543,60.000,154.600,168.704,124.680,137.909,27.907,29.670,111.389,99.596,130.711,124.421
533,8.8877,3.590,60.000,159.755,170.094,130.960,139.855,28.197,29.587,111.466,99.998,130.598,125.304
534,8.9044,3.605,60.000,163.434,172.373,133.057,140.955,28.465,29.811,112.193,101.899,131.327,125.858
535,8.9211,3.604,60.000,165.662,172.421,136.442,143.707,28.865,30.346,112.059,102.873,131.820,127.363
536,8.9378,3.667,60.000,166.413,172.755,140.294,144.101,29.224,30.229,111.591,102.369,130.860,126.502
537,8.9544,3.622,60.000,166.508,172.748,139.890,143.646,29.125,30.223,111.580,104.169,130.748,128.686
538,8.9711,3.607,60.000,166.686,172.704,139.976,143.782,28.589,29.856,111.584,103.939,129.904,128.356
539,8.9878,3.594,60.000,166.884,172.610,141.144,143.697,28.790,29.868,111.858,102.247,130.559,125.863
540,9.0045,3.595,60.000,167.000,172.611,141.301,143.651,28.864,29.839,111.859,102.260,130.230,125.938
541,9.0211,3.580,60.000,167.063,172.477,141.002,143.405,29.056,30.112,111.813,101.652,130.116,124.932
542,9.0378,3.446,60.000,167.017,171.438,141.537,143.006,30.178,30.889,111.665,101.855,130.015,124.628
543,9.0545,3.377,60.000,167.110,171.687,142.009,142.697,30.192,30.768,111.762,102.320,130.047,124.819
544,9.0712,3.224,60.000,167.314,171.236,142.910,142.779,30.354,30.718,111.350,103.597,129.790,126.632
545,9.0878,3.097,60.000,167.251,169.274,142.783,142.914,30.338,30.629,110.501,103.228,128.871,127.047
546,9.1045,2.968,60.000,166.777,168.678,140.557,141.771,28.820,29.327,109.760,103.003,127.993,126.734
547,9.1212,2.886,60.000,165.704,167.989,139.630,141.876,28.191,28.755,108.972,102.445,127.417,126.394
548,9.1379,2.728,60.000,165.384,167.659,139.516,142.186,28.439,29.031,107.984,102.282,126.036,126.175
549,9.1545,2.659,60.000,163.689,166.123,139.599,142.486,28.971,29.577,107.059,100.453,125.728,124.479
550,9.1712,2.551,60.000,163.976,166.495,139.606,142.629,29.002,29.703,108.082,100.683,126.746,124.513
551,9.1879,2.507,60.000,165.551,168.036,140.692,143.261,28.833,29.401,108.610,100.986,126.946,124.834
552,9.2046,2.511,60.000,166.396,169.036,141.266,144.050,28.762,29.342,109.327,100.116,127.885,124.289
553,9.2212,2.525,60.000,167.699,170.183,142.717,144.455,28.788,29.316,110.172,101.215,129.269,125.521
554,9.2379,2.510,60.000,167.766,170.216,142.684,144.545,28.920,29.429,110.126,101.195,129.032,125.484
555,9.2546,2.517,60.000,168.906,171.656,144.078,145.239,29.134,29.596,111.638,101.855,131.009,126.255
556,9.2713,2.534,60.000,168.887,171.717,143.688,145.071,28.861,29.519,111.520,101.788,130.986,125.777
557,9.2879,2.509,60.000,168.657,170.246,144.279,143.007,29.755,30.142,111.234,101.578,130.689,125.190
558,9.3046,2.456,60.000,168.010,170.136,143.074,142.839,29.561,30.024,111.041,101.498,130.845,125.587
559,9.3213,2.492,60.000,168.320,171.204,142.750,143.277,29.023,29.286,110.759,100.161,130.608,124.517
560,9.3380,2.526,60.000,169.359,172.058,145.237,145.231,28.555,28.961,110.820,100.492,130.790,124.658
561,9.3546,2.528,60.000,169.086,172.133,147.813,145.795,28.674,28.942,110.251,100.195,129.625,124.690
562,9.3713,2.495,60.000,169.370,172.012,146.169,144.574,28.566,28.784,110.311,100.255,129.715,124.449
563,9.3880,2.452,60.000,169.128,171.514,143.767,144.189,29.250,29.914,110.242,100.389,129.817,124.678
564,9.4047,2.393,60.000,169.556,171.788,144.724,144.624,28.623,29.344,110.220,100.305,129.571,124.434
565,9.4213,2.358,60.000,169.430,171.411,144.973,144.632,29.440,29.694,110.828,101.928,130.669,125.736
566,9.4380,2.323,60.000,169.296,170.573,145.842,144.646,30.116,30.053,110.713,101.998,130.764,126.352
567,9.4547,2.214,60.000,169.786,170.663,147.049,144.814,30.277,30.009,110.477,101.777,130.454,126.155
568,9.4714,2.136,60.000,169.866,170.337,148.061,145.014,31.135,30.631,110.376,101.641,130.356,125.775
569,9.4880,2.118,60.000,169.583,169.474,147.856,144.278,31.679,30.834,110.246,101.462,130.063,125.330
570,9.5047,2.025,60.000,170.093,170.030,147.982,144.190,31.432,30.707,110.217,102.929,130.051,127.116
571,9.5214,2.006,60.000,170.472,169.206,150.158,144.426,31.289,30.611,110.027,103.227,129.678,127.447
572,9.5381,1.986,60.000,170.453,169.538,151.896,144.366,30.756,30.138,109.958,103.114,129.399,127.719
573,9.5547,1.913,60.000,170.541,169.742,151.866,144.621,30.654,30.088,109.902,102.989,129.356,127.472
574,9.5714,1.900,60.000,170.336,170.308,151.478,144.747,30.520,30.012,110.584,103.930,129.942,128.655
575,9.5881,1.860,60.000,170.318,170.029,151.223,144.033,30.526,30.071,110.872,104.430,130.234,129.152
576,9.6048,1.855,60.000,170.324,168.019,151.379,141.106,30.975,30.357,110.763,104.653,129.933,129.458
577,9.6214,1.873,60.000,169.635,165.775,146.974,139.610,32.776,32.077,110.753,104.612,130.203,129.289
578,9.6381,1.879,60.000,168.822,165.586,144.982,138.989,32.608,32.368,110.442,104.149,130.012,127.734
579,9.6548,1.891,60.000,164.661,164.657,139.587,138.314,32.797,32.881,110.530,102.136,130.391,125.653
580,9.6715,1.934,60.000,160.641,163.685,135.836,137.103,32.212,32.421,110.095,99.065,129.383,122.571
581,9.6881,1.950,60.000,161.876,163.493,137.929,137.480,32.301,32.331,108.864,98.264,128.304,121.932
582,9.7048,2.049,60.000,157.794,158.695,135.755,134.522,33.127,33.063,108.754,99.470,130.264,125.031
583,9.7215,2.095,60.000,155.896,157.794,134.331,135.148,33.426,33.692,107.687,100.563,129.910,127.520
584,9.7382,2.103,60.000,156.371,154.342,134.609,132.293,33.005,33.437,106.739,99.769,129.706,127.375
585,9.7548,2.220,60.000,157.450,154.858,136.668,133.310,32.461,33.209,105.140,96.074,128.367,124.111
586,9.7715,2.224,60.000,158.900,155.937,136.386,133.840,32.304,33.197,99.936,94.597,122.444,123.990
587,9.7882,2.198,60.000,166.670,161.909,141.483,138.214,33.429,34.108,96.806,97.317,119.806,127.805
588,9.8049,2.289,60.000,168.625,168.358,145.234,143.009,33.133,33.252,97.511,95.618,121.896,128.241
589,9.8215,2.305,60.000,168.922,169.136,145.544,142.449,33.100,33.054,94.969,94.804,118.855,127.777
590,9.8382,2.407,60.000,168.711,171.339,147.181,142.623,33.637,33.018,94.011,95.337,119.515,128.764
591,9.8549,2.502,60.000,167.587,171.441,150.206,142.803,33.753,33.047,93.258,94.999,121.197,129.594
592,9.8716,2.482,60.000,165.911,170.772,151.024,143.446,34.353,33.441,89.177,91.414,119.062,131.350
593,9.8882,2.477,60.000,161.103,166.775,152.113,145.864,35.305,34.457,84.543,88.780,114.211,132.667
594,9.9049,2.468,60.000,150.709,152.153,152.400,147.385,36.253,35.674,84.362,86.239,115.186,131.581
595,9.9216,2.351,60.000,156.153,154.881,153.816,149.742,36.037,35.444,82.804,82.667,125.857,129.725
596,9.9383,2.447,60.000,170.801,172.741,157.923,152.138,33.543,32.763,83.611,72.899,114.609,118.622
597,9.9549,2.440,60.000,169.695,171.590,156.850,150.899,33.310,32.543,81.472,70.815,112.222,108.229
598,9.9716,2.555,60.000,169.156,170.371,155.616,145.496,32.872,31.272,76.936,73.631,108.424,113.636
599,9.9883,2.704,60.000,169.996,171.628,155.868,146.422,34.498,32.882,79.036,70.890,117.158,110.760
600,10.0050,3.034,60.000,168.604,172.797,155.181,149.248,38.409,37.607,64.255,69.998,107.240,112.693
601,10.0216,3.396,60.000,164.951,167.466,153.061,149.348,37.705,36.645,55.416,70.959,96.366,114.306
602,10.0383,3.802,60.000,160.715,165.067,150.063,145.649,41.213,39.741,55.555,65.667,102.136,112.825
603,10.0550,3.825,60.000,160.931,165.737,147.575,140.965,44.295,42.378,52.212,60.687,101.951,117.566
604,10.0717,3.832,60.000,166.569,175.454,146.279,138.490,46.062,43.517,52.697,57.652,103.469,116.153
605,10.0883,3.869,60.000,166.802,170.220,145.641,138.447,47.920,44.954,50.625,54.986,104.842,113.626
606,10.1050,3.885,60.000,166.317,165.487,146.463,142.027,48.100,45.383,47.099,52.470,101.634,113.481
607,10.1217,3.913,60.000,166.298,169.776,148.322,141.577,52.035,48.165,43.438,48.866,100.673,112.391
608,10.1383,3.870,60.000,162.651,175.751,145.742,135.595,52.663,48.164,40.201,45.666,105.249,124.204
609,10.1550,3.742,60.000,162.400,175.935,146.851,139.049,55.355,50.650,37.635,43.307,103.041,119.802
610,10.1717,3.709,60.000,145.000,146.372,137.121,132.081,41.067,39.012,24.863,32.635,88.608,104.900
611,10.1884,3.740,60.000,143.103,140.270,134.103,128.025,34.660,33.480,21.771,32.990,77.687,93.082
612,10.2050,3.922,60.000,144.277,142.101,136.397,130.612,36.931,35.136,20.585,31.552,79.065,97.892
613,10.2217,4.053,60.000,145.205,143.748,135.037,130.318,34.540,33.126,20.123,27.840,86.577,91.920
614,10.2384,4.346,60.000,143.525,145.967,131.573,129.972,33.536,32.766,20.230,26.786,87.150,88.600
615,10.2551,4.365,60.000,135.623,144.595,125.562,128.450,32.276,31.816,17.828,23.886,77.980,84.531
616,10.2717,4.342,60.000,139.405,146.665,125.077,127.890,30.802,30.699,18.295,25.311,77.519,84.896
617,10.2884,4.389,60.000,140.579,145.150,126.670,126.703,31.563,30.909,17.838,21.263,68.652,68.966
618,10.3051,4.354,60.000,139.872,144.502,126.414,125.809,30.744,30.317,17.326,21.386,64.688,68.350
619,10.3218,4.323,60.000,141.999,144.483,128.178,126.512,31.600,31.313,17.569,21.372,66.591,68.306
620,10.3384,4.275,60.000,141.447,144.154,126.931,125.790,31.553,31.627,17.616,21.839,64.382,67.352
621,10.3551,4.163,60.000,141.193,144.621,126.444,125.668,31.640,31.838,17.567,22.830,65.196,69.993
622,10.3718,4.006,60.000,139.396,143.415,125.618,125.290,31.053,31.521,16.957,22.251,64.167,68.996
623,10.3885,3.958,60.000,138.534,143.428,123.982,124.808,30.710,31.010,17.103,22.632,65.417,69.564
624,10.4051,3.918,60.000,137.250,143.534,122.651,124.277,30.874,30.976,17.098,23.001,64.864,70.610
625,10.4218,3.943,60.000,137.852,144.081,122.179,123.554,31.756,31.574,17.820,23.655,65.742,73.689
626,10.4385,3.951,60.000,139.094,143.413,123.276,123.164,32.425,32.138,18.214,23.871,65.640,74.757
627,10.4552,4.047,60.000,141.490,146.592,123.329,123.272,32.816,32.471,19.408,24.645,66.461,76.668
628,10.4718,4.087,60.000,139.417,144.884,121.370,121.748,32.448,32.237,19.264,24.485,65.940,75.722
629,10.4885,4.047,60.000,138.830,144.198,121.303,121.653,32.558,32.434,19.060,24.257,65.798,75.380
630,10.5052,4.025,60.000,140.336,145.316,122.678,122.639,34.055,33.732,19.583,24.789,68.515,79.726
631,10.5219,3.987,60.000,141.771,147.242,123.007,122.811,34.172,33.748,20.177,25.018,70.288,82.237
632,10.5385,3.871,60.000,141.484,146.339,123.303,122.928,34.207,33.701,20.087,24.564,69.415,80.901
633,10.5552,3.743,60.000,140.319,144.909,123.483,123.351,33.594,33.071,19.326,23.684,68.025,77.395
634,10.5719,3.648,60.000,139.253,142.155,124.749,123.738,33.832,33.130,18.608,22.939,68.179,75.602
635,10.5886,3.790,60.000,138.928,140.956,126.396,123.904,34.026,33.049,18.295,22.445,68.090,74.564
636,10.6052,3.826,60.000,140.370,141.204,125.677,123.214,32.239,31.747,18.676,23.021,68.054,75.016
637,10.6219,3.809,60.000,139.460,141.299,125.636,124.281,33.197,33.096,18.711,26.260,71.964,83.576
638,10.6386,3.785,60.000,140.726,142.145,127.154,125.619,33.641,33.236,19.101,26.325,72.130,84.324
639,10.6553,3.792,60.000,144.394,143.336,131.260,128.191,33.988,33.008,19.280,26.985,70.660,85.544
640,10.6719,3.729,60.000,146.387,144.982,133.305,129.659,34.516,33.157,19.670,27.104,70.730,87.105
641,10.6886,3.666,60.000,144.329,143.167,134.413,130.846,36.691,34.858,19.857,28.918,79.026,93.187
642,10.7053,3.487,60.000,147.405,148.087,139.708,135.042,42.769,39.734,22.404,36.110,88.415,128.564
643,10.7220,3.406,60.000,150.383,149.088,142.153,134.818,41.326,37.927,24.152,35.533,78.046,109.468
644,10.7386,3.497,60.000,163.303,166.769,150.011,136.415,51.019,45.044,35.175,37.852,97.682,112.193
645,10.7553,3.529,60.000,165.359,171.359,146.044,134.255,47.352,42.267,38.662,40.878,96.813,112.147
646,10.7720,3.574,60.000,168.045,172.022,147.343,138.265,48.690,44.588,44.462,46.352,101.213,112.295
647,10.7887,3.706,60.000,167.731,171.102,147.282,140.553,47.513,44.264,47.163,49.142,99.196,112.052
648,10.8053,3.756,60.000,157.845,163.048,144.248,138.889,41.546,39.484,47.424,52.813,94.360,111.665
649,10.8220,3.871,60.000,156.658,158.313,145.794,140.661,36.669,34.961,48.251,59.618,90.058,109.722
650,10.8387,3.939,60.000,155.872,157.455,148.104,143.724,34.719,33.204,52.941,62.883,90.873,109.219
651,10.8554,4.043,60.000,157.567,160.905,148.758,145.912,36.743,35.637,55.240,63.695,96.621,113.709
652,10.8720,3.992,60.000,159.585,160.301,148.116,143.405,34.336,33.352,58.525,60.190,90.970,101.888
653,10.8887,4.075,60.000,161.869,168.167,149.090,143.543,32.621,31.281,68.377,65.450,95.228,105.418
654,10.9054,4.146,60.000,165.529,172.232,151.931,144.768,31.083,29.873,81.751,67.164,107.079,104.199
655,10.9221,4.187,60.000,168.702,175.295,157.299,151.982,31.867,31.207,88.910,73.412,117.847,112.164
656,10.9387,4.078,60.000,163.278,172.707,160.000,153.873,31.581,31.020,97.228,83.285,128.005,128.157
657,10.9554,3.958,60.000,163.696,173.184,160.000,153.016,32.305,31.679,99.287,87.281,130.381,134.793
658,10.9721,4.081,60.000,161.699,171.048,159.320,151.887,32.711,31.838,98.611,90.217,129.863,143.915
659,10.9888,4.266,60.000,157.015,172.312,159.149,146.635,32.978,31.693,88.892,93.468,117.852,147.490
660,11.0054,4.497,60.000,163.213,174.425,156.546,142.757,32.441,31.384,91.314,98.285,117.736,144.878
661,11.0221,4.621,60.000,167.173,169.015,154.085,143.913,31.382,30.716,94.511,95.180,122.385,134.156
662,11.0388,4.668,60.000,165.028,167.993,149.041,142.197,31.901,30.833,96.907,94.685,122.902,134.055
663,11.0555,4.719,60.000,165.637,167.944,149.434,141.636,31.854,30.900,98.796,93.121,122.749,129.839
664,11.0721,4.732,60.000,165.415,164.444,148.664,138.173,31.364,30.275,99.317,93.492,121.657,127.430
665,11.0888,4.504,60.000,165.221,158.271,147.858,134.406,29.688,29.773,98.631,94.431,119.959,125.955
666,11.1055,4.458,60.000,162.789,159.711,142.965,133.231,28.297,28.255,101.634,96.368,123.679,128.444
667,11.1222,4.420,60.000,160.859,160.979,142.096,137.387,27.124,27.452,103.152,93.007,125.720,124.399
668,11.1388,4.463,60.000,159.710,164.510,140.282,140.559,26.234,26.905,106.034,92.642,128.974,124.033
669,11.1555,4.440,60.000,158.650,164.173,139.115,140.395,26.860,27.817,109.025,93.474,131.954,128.715
670,11.1722,4.416,60.000,159.867,164.297,139.561,139.953,26.547,28.348,108.730,89.578,129.719,119.833
671,11.1889,4.407,60.000,160.914,167.577,140.136,141.477,26.369,27.668,107.716,85.940,126.991,117.297
672,11.2055,4.409,60.000,161.651,168.524,141.068,143.611,26.684,27.751,108.168,88.951,127.593,117.525
673,11.2222,4.345,60.000,166.135,172.450,145.762,146.440,27.419,28.211,110.869,94.971,130.174,123.298
674,11.2389,4.174,60.000,165.448,171.653,144.477,145.561,27.847,28.253,110.700,98.966,130.067,125.671
675,11.2556,4.071,60.000,163.373,168.390,142.667,145.174,27.703,28.391,110.121,99.512,130.464,127.113
676,11.2722,3.941,60.000,160.104,166.721,138.663,144.988,27.572,28.455,108.939,101.404,129.077,129.102
677,11.2889,3.900,60.000,158.172,166.869,137.019,145.369,28.379,29.017,108.925,101.872,129.505,129.191
678,11.3056,3.873,60.000,159.051,166.756,137.484,145.260,28.475,29.030,109.290,100.429,129.828,127.369
679,11.3223,3.866,60.000,161.108,167.778,138.618,145.372,28.750,29.232,110.081,103.064,130.072,130.568
680,11.3389,3.821,60.000,162.863,169.253,140.330,146.684,28.526,28.966,109.910,103.422,129.725,130.536
681,11.3556,3.793,60.000,162.448,169.152,139.608,146.634,28.595,29.314,110.235,103.698,129.891,130.822
682,11.3723,3.761,60.000,160.940,169.557,137.065,146.449,28.278,29.314,110.649,105.315,130.346,132.775
683,11.3890,3.722,60.000,161.483,169.106,137.651,145.843,28.333,29.232,110.772,105.064,130.172,132.449
684,11.4056,3.712,60.000,160.620,167.514,137.866,145.623,28.057,29.101,110.240,104.201,130.123,131.568
685,11.4223,3.700,60.000,163.073,167.774,140.647,145.497,27.884,28.811,110.175,104.617,129.944,131.609
686,11.4390,3.697,60.000,167.337,170.174,146.915,147.709,27.791,28.457,110.129,104.524,129.464,131.388
687,11.4557,3.681,60.000,168.222,170.813,149.199,149.555,27.262,28.023,109.532,103.882,129.247,131.577
688,11.4723,3.629,60.000,168.523,169.946,151.000,150.019,27.534,28.180,107.906,102.438,127.890,130.065
689,11.4890,3.623,60.000,168.093,169.824,149.789,149.780,27.918,28.692,108.864,102.612,128.545,129.809
690,11.5057,3.608,60.000,168.212,168.715,150.548,148.243,28.930,29.134,108.910,103.207,128.237,129.966
691,11.5224,3.587,60.000,167.965,168.816,150.204,147.335,29.568,29.579,109.854,103.841,129.313,130.435
692,11.5390,3.559,60.000,168.289,170.476,150.089,147.532,29.733,29.716,109.775,105.486,129.217,132.061
693,11.5557,3.539,60.000,168.415,170.466,150.470,147.096,30.156,30.078,110.198,105.513,129.610,132.287
694,11.5724,3.540,60.000,168.466,170.861,150.248,146.692,30.152,30.087,110.245,106.496,129.433,133.358
695,11.5891,3.550,60.000,168.194,170.582,149.086,146.466,29.889,29.957,109.988,105.624,128.903,132.377
696,11.6057,3.557,60.000,168.011,170.276,148.476,146.027,29.755,29.858,110.140,105.372,129.176,132.158
697,11.6224,3.572,60.000,166.870,170.076,145.416,145.478,29.279,29.765,110.407,105.487,129.634,132.153
698,11.6391,3.567,60.000,166.629,169.890,144.720,145.231,29.029,29.644,110.257,105.329,129.101,132.013
699,11.6558,3.568,60.000,166.531,169.798,144.163,144.902,28.688,29.336,110.456,104.981,129.143,131.704
700,11.6724,3.597,60.000,165.283,169.477,142.220,144.478,28.201,29.049,110.739,104.662,129.719,131.461
701,11.6891,3.588,60.000,164.314,168.892,140.855,143.936,27.710,28.717,110.844,103.689,129.775,130.195
702,11.7058,3.586,60.000,163.155,167.121,139.948,142.883,27.661,28.528,110.286,103.884,129.607,130.499
703,11.7225,3.608,60.000,159.938,164.823,136.934,141.517,27.801,28.847,110.139,102.814,130.067,129.423
704,11.7391,3.634,60.000,157.983,163.159,135.775,141.098,28.097,29.159,109.449,102.532,129.681,129.088
705,11.7558,3.663,60.000,158.525,164.154,135.837,141.549,27.693,28.808,109.235,102.540,129.556,128.894
706,11.7725,3.697,60.000,158.803,165.059,136.342,141.776,28.116,29.048,109.711,102.670,129.573,128.939
707,11.7892,3.719,60.000,159.339,165.639,136.718,141.713,28.145,29.066,110.077,102.509,129.723,128.775
708,11.8058,3.726,60.000,158.633,165.888,135.495,141.453,27.992,29.092,110.650,101.232,130.085,127.067
709,11.8225,3.742,60.000,159.353,167.710,134.550,141.175,27.939,29.176,112.488,102.548,132.204,128.094
710,11.8392,3.765,60.000,159.163,167.728,133.675,141.070,27.862,29.194,112.754,102.717,132.435,128.140
711,11.8559,3.794,60.000,158.772,167.476,133.159,140.983,27.808,29.187,112.638,102.073,132.315,127.691
712,11.8725,3.823,60.000,158.955,167.668,133.312,141.221,27.856,29.246,112.616,102.186,132.178,127.818
713,11.8892,3.829,60.000,159.356,167.753,133.936,141.421,27.953,29.267,112.564,102.419,132.010,128.243
714,11.9059,3.834,60.000,160.746,167.755,135.625,141.611,28.175,29.371,112.315,102.581,131.493,128.632
715,11.9226,3.852,60.000,160.991,167.779,136.355,141.875,29.259,30.264,112.992,103.347,132.369,129.195
716,11.9392,3.868,60.000,161.331,167.595,135.964,141.296,29.336,30.384,112.553,104.222,132.129,130.321
717,11.9559,3.915,60.000,160.600,167.603,134.592,140.976,28.989,30.177,112.441,104.434,131.904,130.665
718,11.9726,3.936,60.000,160.884,167.966,134.161,140.724,28.202,29.425,112.215,104.348,131.295,130.656
719,11.9893,3.955,60.000,160.463,167.532,134.124,140.632,28.136,29.300,112.245,104.075,131.058,130.360
720,12.0059,3.972,60.000,160.342,166.980,134.281,140.258,28.345,29.456,112.557,104.049,131.424,130.329
721,12.0226,3.997,60.000,158.774,165.908,133.273,139.667,28.370,29.509,112.676,103.391,131.905,129.641
722,12.0393,4.047,60.000,157.429,164.876,132.738,139.438,28.351,29.517,112.821,102.300,132.109,128.412
723,12.0560,4.100,60.000,158.615,165.079,134.887,140.157,28.187,29.218,112.649,101.156,132.010,127.267
724,12.0726,4.113,60.000,156.914,163.877,133.601,139.722,28.336,29.363,112.136,100.446,131.748,126.694
725,12.0893,4.133,60.000,156.916,163.995,133.609,139.766,28.450,29.508,112.161,100.697,131.640,127.092
726,12.1060,4.132,60.000,157.033,164.620,134.156,140.097,28.974,29.971,112.195,100.033,131.653,126.626
727,12.1227,4.127,60.000,158.344,166.319,134.514,140.485,28.826,29.872,112.735,100.517,132.273,126.969
728,12.1393,4.116,60.000,159.632,167.568,136.243,141.780,29.133,30.075,112.710,100.251,132.632,127.186
729,12.1560,4.111,60.000,159.662,167.849,136.089,142.017,29.025,30.039,112.622,100.468,132.969,127.522
730,12.1727,4.106,60.000,159.399,167.812,135.614,141.933,28.643,29.765,112.456,99.991,132.695,126.954
731,12.1894,4.096,60.000,158.726,167.265,135.225,141.919,28.112,29.318,112.523,97.747,132.643,124.482
732,12.2060,4.076,60.000,155.329,164.786,133.158,141.279,27.920,29.166,111.490,95.971,131.923,123.907
733,12.2227,4.052,60.000,155.399,165.183,133.328,141.695,27.885,29.189,111.624,95.812,132.132,125.227
734,12.2394,4.053,60.000,157.245,166.605,135.047,142.801,27.537,28.947,112.434,95.907,132.979,125.829
735,12.2561,4.039,60.000,157.734,166.420,135.646,142.654,27.825,29.117,112.515,94.531,132.998,124.052
736,12.2727,4.041,60.000,157.562,166.234,135.789,142.728,28.206,29.393,112.899,94.831,133.230,124.075
737,12.2894,4.020,60.000,156.683,165.385,135.827,143.001,28.877,30.074,112.407,95.357,132.781,124.017
738,12.3061,4.013,60.000,155.928,164.907,134.838,142.460,28.799,30.134,112.392,96.424,132.771,123.785
739,12.3228,4.008,60.000,155.982,164.916,134.576,142.162,28.624,29.902,112.385,96.751,132.631,124.239
740,12.3394,3.991,60.000,155.096,165.048,133.099,141.924,28.404,29.871,112.440,96.496,132.454,123.707
741,12.3561,3.958,60.000,152.103,163.789,129.857,140.774,28.440,30.032,112.481,96.547,132.654,123.671
742,12.3728,3.930,60.000,150.546,162.647,128.398,139.869,28.638,30.272,112.474,96.662,132.948,123.824
743,12.3895,3.907,60.000,148.051,160.575,125.586,137.847,28.730,30.426,112.275,98.049,133.095,125.038
744,12.4061,3.881,60.000,148.475,160.617,125.589,138.089,28.307,30.167,111.829,99.909,132.427,126.951
745,12.4228,3.857,60.000,150.160,160.965,127.272,138.333,28.413,30.137,111.891,100.302,132.392,127.523
746,12.4395,3.844,60.000,151.056,161.160,128.224,138.751,28.721,30.409,112.105,101.243,132.575,128.598
747,12.4562,3.821,60.000,152.759,162.159,128.597,138.612,28.515,30.213,112.492,102.091,132.679,129.227
748,12.4728,3.820,60.000,153.516,162.554,129.093,138.673,28.801,30.476,112.578,101.503,132.486,128.020
749,12.4895,3.853,60.000,155.811,164.178,131.014,139.294,28.977,30.615,113.213,102.582,133.060,129.257
750,12.5062,3.896,60.000,157.064,164.633,131.923,139.202,28.480,30.087,112.761,102.100,132.190,128.506
751,12.5229,3.925,60.000,160.117,166.942,134.586,140.457,28.333,29.871,112.508,101.817,131.398,127.894
752,12.5395,3.903,60.000,160.027,167.245,134.533,140.951,28.129,29.710,112.565,100.977,131.628,127.319
753,12.5562,3.901,60.000,160.185,167.854,134.555,141.159,28.131,29.710,112.737,100.410,131.776,126.325
754,12.5729,3.929,60.000,160.862,168.418,135.265,141.517,27.947,29.503,112.838,100.522,132.005,126.542
755,12.5896,3.937,60.000,160.429,168.318,134.963,141.599,28.035,29.507,112.774,100.502,131.738,126.515
756,12.6062,3.928,60.000,158.890,167.466,133.185,140.961,28.032,29.540,112.765,101.363,131.784,127.139
757,12.6229,3.929,60.000,158.306,167.451,132.502,140.975,27.963,29.562,112.878,101.458,131.675,127.123
758,12.6396,3.896,60.000,157.426,167.006,131.578,140.406,28.057,29.644,112.890,101.463,131.759,127.010
759,12.6563,3.852,60.000,157.675,167.016,131.765,140.428,28.037,29.643,112.436,101.667,131.489,126.928
760,12.6729,3.830,60.000,157.238,166.929,131.410,140.457,28.109,29.696,112.431,101.671,131.523,126.777
761,12.6896,3.800,60.000,156.957,166.475,131.390,140.524,28.144,29.708,111.880,101.761,130.876,127.341
762,12.7063,3.730,60.000,156.104,166.373,130.212,140.496,28.061,29.715,111.872,101.729,130.916,127.206
763,12.7230,3.677,60.000,156.236,166.661,130.189,140.454,28.038,29.720,111.959,101.227,130.906,126.758
764,12.7396,3.657,60.000,157.122,167.461,131.088,141.355,28.102,29.811,112.063,101.144,130.982,126.605
765,12.7563,3.639,60.000,157.047,167.382,130.866,141.233,28.008,29.698,112.075,101.293,130.998,126.804
766,12.7730,3.609,60.000,156.227,166.468,130.572,141.149,27.702,29.420,111.644,101.479,130.755,127.129
767,12.7897,3.593,60.000,156.161,166.507,130.406,141.121,27.523,29.297,111.665,101.311,130.909,126.916
768,12.8063,3.568,60.000,156.666,167.027,131.054,141.863,27.574,29.421,112.346,101.080,131.789,126.583
769,12.8230,3.563,60.000,155.706,167.058,130.536,141.874,27.464,29.270,112.955,100.340,132.644,126.032
770,12.8397,3.544,60.000,156.060,167.393,130.819,142.217,27.407,29.244,112.979,99.432,132.584,124.891
771,12.8564,3.536,60.000,155.042,167.381,129.895,141.977,27.620,29.448,112.941,99.315,132.540,124.486
772,12.8730,3.533,60.000,154.813,167.235,129.709,141.869,27.648,29.462,113.216,99.175,133.017,124.356
773,12.8897,3.518,60.000,153.039,167.716,127.364,141.459,27.589,29.495,113.512,99.497,133.428,124.475
774,12.9064,3.494,60.000,153.954,168.424,127.751,141.419,27.496,29.339,113.923,100.182,133.943,125.013
775,12.9231,3.421,60.000,153.909,168.707,127.265,140.990,27.255,29.030,114.006,98.833,134.050,123.944
776,12.9397,3.366,60.000,155.656,169.309,128.135,141.479,27.780,29.718,114.880,100.801,135.240,125.534
777,12.9564,3.330,60.000,156.543,169.497,128.775,141.842,27.415,29.404,114.576,100.714,134.739,125.767
778,12.9731,3.266,60.000,157.171,168.588,129.528,141.898,27.273,29.395,114.188,101.125,134.332,126.084
779,12.9898,3.181,60.000,157.883,168.485,130.296,141.908,27.336,29.391,113.241,101.216,132.974,126.032
780,13.0064,3.136,60.000,160.081,168.543,132.445,141.989,27.459,29.394,112.540,101.388,132.117,125.992
781,13.0231,3.118,60.000,160.727,167.815,133.226,141.155,27.669,29.522,111.810,102.952,131.373,127.732
782,13.0398,3.099,60.000,160.490,165.953,132.752,138.979,28.115,29.871,112.463,103.283,132.276,128.058
783,13.0565,3.049,60.000,158.162,163.425,130.256,136.417,28.978,30.511,112.590,103.726,132.747,128.478
784,13.0731,2.951,60.000,157.624,163.252,129.977,136.550,28.973,30.432,112.125,103.705,132.504,128.584
785,13.0898,2.892,60.000,157.071,162.892,129.372,136.313,28.784,30.079,112.162,103.603,132.530,128.707
786,13.1065,2.808,60.000,156.807,162.549,129.276,136.002,28.936,30.240,112.252,103.768,132.554,129.078
787,13.1232,2.777,60.000,157.054,162.975,129.582,136.377,28.920,30.157,112.253,103.624,132.603,129.190
788,13.1398,2.761,60.000,157.143,163.370,129.624,136.663,28.824,30.099,112.186,103.672,132.398,129.375
789,13.1565,2.746,60.000,157.614,163.880,129.747,136.659,28.799,29.972,111.427,104.139,131.463,129.910
790,13.1732,2.740,60.000,159.255,165.580,130.193,136.797,29.072,30.151,111.772,105.369,131.786,130.920
791,13.1899,2.732,60.000,159.375,165.692,130.313,137.081,29.171,30.341,111.801,104.972,131.657,130.179
792,13.2065,2.727,60.000,159.479,166.288,130.412,137.067,29.158,30.289,112.234,104.173,132.193,128.973
793,13.2232,2.721,60.000,158.555,165.105,130.591,136.800,29.349,30.439,113.388,103.378,133.540,128.219
794,13.2399,2.715,60.000,158.912,165.761,130.602,136.736,29.396,30.522,113.751,103.529,134.009,128.302
795,13.2566,2.711,60.000,158.953,165.824,130.651,136.734,29.487,30.572,113.630,103.493,133.762,128.060
796,13.2732,2.705,60.000,159.049,165.447,130.705,136.324,29.549,30.651,113.618,103.337,133.626,127.689
797,13.2899,2.698,60.000,159.782,163.864,132.885,136.475,29.815,30.578,112.809,103.072,132.429,127.499
798,13.3066,2.692,60.000,159.866,164.706,132.945,136.500,29.841,30.586,112.732,102.305,132.235,126.384
799,13.3233,2.694,60.000,159.621,164.576,132.819,136.471,30.042,30.716,112.480,102.295,131.855,126.179
800,13.3399,2.705,60.000,158.003,162.389,131.696,135.783,29.945,30.668,111.477,101.618,130.542,125.214
801,13.3566,2.683,60.000,157.142,161.268,132.591,136.383,30.504,31.122,111.785,101.051,131.101,124.848
802,13.3733,2.694,60.000,157.051,161.315,133.127,136.543,31.252,31.736,111.900,101.313,131.301,125.022
803,13.3900,2.692,60.000,154.797,161.368,130.407,136.154,31.165,31.670,112.467,100.666,132.126,124.549
804,13.4066,2.700,60.000,155.991,163.450,129.256,134.894,30.761,31.391,113.336,101.168,133.114,125.069
805,13.4233,2.705,60.000,156.964,164.104,129.018,134.166,30.763,31.191,113.580,102.855,133.567,126.786
806,13.4400,2.706,60.000,155.158,164.314,126.509,133.542,30.543,31.259,113.740,102.202,133.755,125.802
807,13.4567,2.692,60.000,156.567,165.258,126.705,133.590,30.517,31.241,113.488,103.139,133.261,126.699
